,AAPL,AXP,BA,CAT,CSCO,CVX,DD,DIS,GE,GS,HD,IBM,INTC,JNJ,JPM,KO,MCD,MMM,MRK,MSFT,NKE,PFE,PG,TRV,UNH,UTX,V,VZ,WMT,XOM
2016-05-23,0.5600000000000023,-0.269999999999996,-0.1799999999999926,-0.6000000000000085,,-0.19999999999998863,1.1200000000000045,-0.4199999999999875,-0.030000000000001137,-1.009999999999991,0.4200000000000159,-0.8400000000000034,0.0,-0.6099999999999994,-0.00999999999999801,0.10000000000000142,-0.04999999999999716,-0.8300000000000125,-0.0799999999999983,-0.5700000000000003,-0.6099999999999994,-0.1599999999999966,-0.15000000000000568,-0.3100000000000023,0.29999999999998295,0.04999999999999716,-0.5500000000000114,0.519999999999996,-0.09999999999999432,-0.5999999999999943
2016-05-24,0.6800000000000068,-1.0800000000000054,-0.2600000000000051,0.3100000000000023,,0.25,0.6299999999999955,-0.060000000000002274,-0.13000000000000256,0.9200000000000159,-1.1800000000000068,-1.4300000000000068,0.0,-0.1700000000000017,0.6000000000000085,-0.269999999999996,0.5600000000000023,1.4699999999999989,-0.37000000000000455,-0.8900000000000006,-0.5400000000000063,-0.4100000000000037,0.6700000000000017,-1.8299999999999983,1.8300000000000125,-0.4200000000000017,-1.7199999999999989,-0.21999999999999886,-0.5899999999999892,-0.21999999999999886
2016-05-25,0.9500000000000028,0.269999999999996,-0.8600000000000136,0.9399999999999977,,0.9500000000000028,0.29999999999999716,-0.060000000000002274,0.08999999999999986,3.1899999999999977,-0.2600000000000193,2.759999999999991,0.19000000000000128,0.1699999999999875,0.5799999999999983,-0.12999999999999545,-0.4899999999999949,0.9900000000000091,0.759999999999998,0.19999999999999574,-0.4799999999999969,0.23000000000000398,0.4000000000000057,-0.21999999999999886,0.20999999999997954,0.029999999999986926,-0.4399999999999977,0.21999999999999886,0.23000000000000398,-0.4100000000000108
2016-05-26,0.7299999999999898,-0.060000000000002274,0.8300000000000125,-1.1599999999999966,,-0.3499999999999943,-1.440000000000012,0.0799999999999983,-0.05000000000000071,-1.9399999999999977,-0.9200000000000159,0.8899999999999864,0.0,-0.20999999999999375,-0.539999999999992,-0.1599999999999966,-0.4100000000000108,-1.0999999999999943,-0.0799999999999983,-0.03999999999999915,0.20999999999999375,0.1700000000000017,-0.2600000000000051,-0.11999999999999034,-0.5200000000000102,-0.030000000000001137,0.4000000000000057,0.30999999999999517,0.1599999999999966,-0.45000000000000284
2016-05-27,0.9099999999999966,-0.12999999999999545,0.2599999999999909,0.19000000000001194,,-0.6400000000000006,-0.21000000000000796,-0.480000000000004,0.019999999999999574,-0.8300000000000125,-0.12999999999999545,0.4900000000000091,0.0,-0.01999999999999602,-0.22000000000001307,0.07000000000000028,-1.019999999999996,0.020000000000010232,0.020000000000003126,-0.3999999999999986,-0.01999999999999602,0.22999999999999687,-0.1600000000000108,0.5700000000000074,-1.0200000000000102,-0.27000000000001023,-0.8199999999999932,0.22999999999999687,-0.10999999999999943,-0.6099999999999994
2016-05-31,0.2600000000000051,0.060000000000002274,-3.7299999999999898,-0.480000000000004,,-1.1500000000000057,-1.8900000000000006,-0.6299999999999955,-0.10999999999999943,-0.9200000000000159,1.4499999999999886,1.1800000000000068,-0.0799999999999983,-0.5700000000000074,-0.46000000000000796,-0.37999999999999545,1.2399999999999949,1.0,0.23000000000000398,0.740000000000002,-1.1899999999999977,0.030000000000001137,-0.539999999999992,-0.09000000000000341,-0.9300000000000068,-0.18999999999999773,-0.9200000000000017,0.01999999999999602,-0.20000000000000284,-0.980000000000004
2016-06-01,-0.5600000000000023,0.46999999999999886,-0.4099999999999966,0.28999999999999204,,-0.8900000000000006,-1.1800000000000068,0.15000000000000568,0.07000000000000028,-2.069999999999993,-0.25,-0.4900000000000091,0.03999999999999915,-0.21000000000000796,-0.9299999999999926,-0.10000000000000142,-0.37000000000000455,-0.9099999999999966,-0.12999999999999545,0.4100000000000037,-1.6000000000000014,0.10000000000000142,-0.8400000000000034,-1.0900000000000034,-0.9499999999999886,-0.2599999999999909,-0.5300000000000011,-0.4399999999999977,0.0,-0.8099999999999881
2016-06-02,-0.12000000000000455,0.5499999999999972,0.19999999999998863,1.0200000000000102,,0.12999999999999545,1.8599999999999994,-0.6500000000000057,0.03999999999999915,-0.8599999999999852,0.5600000000000023,-0.9099999999999966,0.20000000000000284,1.6199999999999903,0.29000000000000625,0.01999999999999602,0.46999999999999886,-0.6700000000000159,0.38000000000000256,-0.1600000000000037,0.3100000000000023,0.17999999999999972,0.4200000000000017,0.10999999999999943,1.7800000000000011,0.5400000000000063,0.6800000000000068,-0.30000000000000426,0.0,0.3200000000000074
2016-06-03,0.12999999999999545,-0.04000000000000625,0.9599999999999937,1.3900000000000006,,0.009999999999990905,0.7600000000000051,0.09000000000000341,-0.0799999999999983,0.19000000000002615,-0.789999999999992,0.4899999999999807,-0.11999999999999744,0.29000000000000625,0.39000000000000057,0.28999999999999915,0.2599999999999909,-0.3299999999999841,-0.20000000000000284,0.5900000000000034,-0.8399999999999963,-0.17999999999999972,0.539999999999992,0.5,1.2299999999999898,-0.3199999999999932,0.39000000000000057,0.14999999999999858,0.30000000000001137,-0.06999999999999318
2016-06-06,0.6400000000000006,-0.39000000000000057,4.300000000000011,1.0600000000000023,,-0.1700000000000017,-0.25,-0.1799999999999926,-0.120000000000001,-0.8100000000000023,1.6299999999999955,-0.36000000000001364,-0.03999999999999915,0.7999999999999972,0.6400000000000006,0.27999999999999403,0.20999999999999375,1.2300000000000182,-0.5100000000000051,-0.14000000000000057,-0.529999999999994,-0.22999999999999687,0.36999999999999034,-0.6700000000000017,1.2300000000000182,-0.6200000000000045,0.25,-0.3500000000000014,-0.46999999999999886,-0.46999999999999886
2016-06-07,-0.21999999999999886,-0.2600000000000051,-0.47999999999998977,0.28000000000000114,,-1.4799999999999898,0.20000000000000284,0.6500000000000057,0.0,-2.030000000000001,-0.539999999999992,-0.020000000000010232,0.129999999999999,-0.28000000000000114,-0.39000000000000057,-0.030000000000001137,-0.4399999999999977,0.6599999999999966,-0.20000000000000284,-0.14000000000000057,-0.6099999999999994,0.0,-0.44000000000001194,0.030000000000001137,-1.2199999999999989,-0.3299999999999983,-0.10000000000000853,-1.1499999999999986,0.06999999999999318,0.9599999999999937
2016-06-08,0.0799999999999983,-0.3200000000000074,-0.47999999999998977,0.6099999999999994,,-0.45999999999999375,0.4200000000000017,0.44999999999998863,0.0,0.5600000000000023,-0.4199999999999875,0.46999999999999886,0.08999999999999986,-0.28000000000000114,-0.3199999999999932,-0.30999999999999517,-0.12999999999999545,0.46999999999999886,-0.6499999999999986,-0.01999999999999602,-0.28999999999999915,0.0,-0.28000000000000114,-0.6700000000000017,-3.1299999999999955,-0.6199999999999903,-1.0500000000000114,0.010000000000005116,-0.4300000000000068,-0.23999999999999488
2016-06-09,-1.1500000000000057,-0.010000000000005116,1.0,-0.23000000000000398,,-0.769999999999996,0.0799999999999983,-0.020000000000010232,0.0799999999999983,0.6200000000000045,-0.030000000000001137,0.5,0.26000000000000156,1.2199999999999989,-0.04000000000000625,0.4299999999999997,0.7200000000000131,-0.37000000000000455,-0.3299999999999983,-0.38000000000000256,0.8299999999999983,0.2600000000000051,0.5900000000000034,0.39000000000000057,0.18999999999999773,0.75,0.030000000000001137,0.3100000000000023,-0.269999999999996,-0.4899999999999949
2016-06-10,0.29999999999999716,0.29000000000000625,-0.6200000000000045,0.28999999999999204,,-0.4899999999999949,0.3400000000000034,0.18999999999999773,0.019999999999999574,1.460000000000008,0.3800000000000239,-0.4199999999999875,0.33999999999999986,0.27000000000001023,0.0899999999999963,0.37000000000000455,0.5600000000000023,0.710000000000008,0.00999999999999801,-0.4299999999999997,0.46999999999999886,0.17999999999999972,0.4300000000000068,-0.3199999999999932,-1.009999999999991,0.45000000000000284,-0.5699999999999932,0.8100000000000023,-0.14000000000000057,-0.4200000000000017
2016-06-13,-1.3499999999999943,1.1299999999999955,0.8700000000000045,0.46999999999999886,,-0.5999999999999943,0.730000000000004,0.8199999999999932,-0.15000000000000213,0.37000000000000455,-1.1099999999999994,0.3499999999999943,0.12000000000000455,-0.3399999999999892,0.20999999999999375,-0.35999999999999943,1.039999999999992,1.3199999999999932,0.07000000000000028,0.5600000000000023,-0.09000000000000341,-0.28000000000000114,-0.39000000000000057,0.6099999999999994,0.9099999999999966,-0.7700000000000102,0.5999999999999943,0.07000000000000028,-0.46999999999999886,-0.6700000000000017
2016-06-14,-0.14000000000000057,2.520000000000003,-0.8700000000000045,0.20000000000000284,,-0.480000000000004,0.7600000000000051,1.2000000000000028,-0.620000000000001,2.030000000000001,2.0700000000000074,0.21999999999999886,0.13000000000000256,-0.6700000000000017,0.6000000000000014,-0.18999999999999773,-0.030000000000001137,-0.3200000000000216,-0.4799999999999969,-0.07000000000000028,0.46000000000000085,-0.39000000000000057,-0.7999999999999972,0.5700000000000074,0.009999999999990905,0.01999999999999602,-0.44999999999998863,0.6200000000000045,-0.29000000000000625,-0.01999999999999602
2016-06-15,-0.6799999999999926,0.04999999999999716,-0.7199999999999989,0.12000000000000455,,0.0,0.14999999999999147,0.0799999999999983,0.10999999999999943,1.0,-0.7900000000000063,0.7800000000000011,-0.6400000000000006,-1.230000000000004,0.4399999999999977,-0.10999999999999943,0.9399999999999977,-0.14999999999997726,-0.3199999999999932,0.09000000000000341,-0.07000000000000028,-0.21999999999999886,-0.45000000000000284,1.0699999999999932,0.4800000000000182,0.9599999999999937,-0.3999999999999915,-0.12999999999999545,-0.0799999999999983,0.07000000000000739
2016-06-16,-1.0999999999999943,-0.990000000000002,-0.05000000000001137,-0.5799999999999983,,0.0,-1.4699999999999989,0.5799999999999983,0.5,-1.6299999999999955,1.3100000000000023,-0.8700000000000045,-0.25,-0.9500000000000028,-0.769999999999996,-0.44000000000000483,-0.6299999999999955,-2.5800000000000125,-0.509999999999998,-0.8699999999999974,-0.07000000000000028,-0.07000000000000028,-0.7399999999999949,-1.5100000000000051,-1.4499999999999886,-0.8299999999999983,-0.45999999999999375,-0.6199999999999974,-0.29999999999999716,-1.519999999999996
2016-06-17,-1.2900000000000063,-0.07000000000000028,-0.010000000000019327,0.5800000000000125,,0.12999999999999545,0.29999999999999716,0.5900000000000034,-0.04999999999999716,-0.9900000000000091,-0.37999999999999545,1.0300000000000011,0.030000000000001137,-1.1400000000000006,-0.01999999999999602,-0.38000000000000256,0.03999999999999204,-1.0500000000000114,-1.5399999999999991,-0.27999999999999403,-0.259999999999998,-0.5600000000000023,-0.18000000000000682,-1.2099999999999937,-1.0699999999999932,0.3500000000000085,-1.3299999999999983,0.3500000000000014,-0.09999999999999432,-0.769999999999996
2016-06-20,0.9000000000000057,0.3500000000000014,-1.3899999999999864,-0.47999999999998977,,-0.269999999999996,-0.1599999999999966,-0.5100000000000051,0.020000000000003126,0.75,0.5099999999999909,1.0100000000000193,0.10000000000000142,0.05999999999998806,1.0800000000000054,0.11000000000000654,0.10000000000000853,-0.3299999999999841,0.20000000000000284,0.5700000000000003,0.13000000000000256,-0.020000000000003126,0.47999999999998977,0.01999999999999602,0.6999999999999886,-0.3199999999999932,0.9599999999999937,-0.240000000000002,0.21000000000000796,0.1700000000000017
2016-06-21,-0.9699999999999989,0.00999999999999801,-1.6699999999999875,-0.03999999999999204,,-0.5499999999999972,0.0799999999999983,0.9100000000000108,-0.060000000000002274,0.15000000000000568,0.21999999999999886,-0.10999999999998522,0.060000000000002274,0.8099999999999881,-0.22000000000000597,0.02999999999999403,-1.2900000000000063,0.18999999999999773,0.28999999999999915,-0.9899999999999949,0.3100000000000023,0.240000000000002,-0.3199999999999932,0.18999999999999773,1.009999999999991,0.4200000000000017,0.480000000000004,-0.21000000000000085,-0.5099999999999909,-0.8100000000000023
2016-06-22,-0.7000000000000028,0.3399999999999963,0.3299999999999841,-0.45999999999999375,,-1.2099999999999937,-0.6499999999999915,0.28999999999999204,-0.21999999999999886,-0.12999999999999545,0.09000000000000341,0.8300000000000125,-0.00999999999999801,0.0800000000000125,-0.240000000000002,0.39000000000000057,0.6899999999999977,-0.6000000000000227,-0.8999999999999986,-0.0899999999999963,-0.4299999999999997,-0.2700000000000031,0.06999999999999318,1.0799999999999983,0.549999999999983,0.4200000000000017,1.0499999999999972,-0.19999999999999574,0.15000000000000568,-0.6700000000000017
2016-06-23,-0.1599999999999966,-0.4099999999999966,0.3599999999999852,-0.5600000000000023,,-0.9899999999999949,0.5099999999999909,0.4200000000000017,-0.13000000000000256,2.0999999999999943,0.6899999999999977,-1.9000000000000057,-0.4100000000000037,-0.1799999999999926,-0.3499999999999943,-0.04999999999999716,0.27000000000001023,-1.4000000000000057,0.20000000000000284,-0.6299999999999955,0.990000000000002,0.10999999999999943,0.3999999999999915,-0.6299999999999955,0.1599999999999966,0.1700000000000017,-0.46999999999999886,-0.2700000000000031,-0.10000000000000853,0.13000000000000966
2016-06-24,0.4900000000000091,-0.4199999999999946,1.6199999999999903,-2.1700000000000017,,0.44000000000001194,-0.7399999999999949,0.29000000000000625,-0.28999999999999915,-1.1699999999999875,-0.30000000000001137,-3.3799999999999955,-0.25,0.5600000000000023,-0.8799999999999955,-0.2700000000000031,-0.6799999999999926,0.25,-0.1599999999999966,0.01999999999999602,-0.23000000000000398,-0.1700000000000017,-0.3499999999999943,1.7099999999999937,-1.6299999999999955,0.5300000000000011,0.25,-0.03999999999999915,-1.4099999999999966,0.4899999999999949
2016-06-27,-0.9599999999999937,1.6700000000000017,2.980000000000004,1.1200000000000045,,-0.8900000000000006,1.1299999999999955,0.5300000000000011,0.21999999999999886,0.5600000000000023,-0.6700000000000017,2.680000000000007,0.6900000000000013,1.5499999999999972,1.1000000000000014,-0.10999999999999943,-1.8599999999999994,-0.5900000000000034,0.17999999999999972,-0.6700000000000017,-0.10999999999999943,0.0,0.5999999999999943,-0.12000000000000455,0.960000000000008,0.7900000000000063,-0.8400000000000034,-0.6799999999999997,-0.14000000000000057,0.04000000000000625
2016-06-28,-0.6899999999999977,0.3500000000000014,0.6099999999999994,-0.28000000000000114,,-0.4099999999999966,1.4200000000000017,-0.5900000000000034,-0.13000000000000256,-0.19999999999998863,-1.6400000000000006,-0.9199999999999875,-0.22000000000000242,1.0600000000000023,-0.3300000000000054,0.11999999999999744,-1.2999999999999972,-1.450000000000017,-0.14000000000000057,-0.519999999999996,-1.0500000000000043,0.0,-1.019999999999996,-2.259999999999991,0.5,-0.8799999999999955,-0.11999999999999034,0.060000000000002274,0.25,-1.1799999999999926
2016-06-29,0.4300000000000068,-1.6799999999999997,-1.5,0.980000000000004,,0.9000000000000057,-0.75,0.07000000000000739,0.03999999999999915,1.9000000000000057,-0.5300000000000011,1.960000000000008,0.5799999999999983,0.4899999999999949,0.8400000000000034,0.04999999999999716,0.3299999999999983,0.5,0.9099999999999966,0.6300000000000026,0.6300000000000026,0.39000000000000057,0.9500000000000028,1.9300000000000068,0.7199999999999989,0.4899999999999949,0.7599999999999909,0.14000000000000057,-0.8299999999999983,1.0499999999999972
2016-06-30,1.1599999999999966,0.8900000000000006,2.7900000000000063,1.6400000000000006,,1.269999999999996,0.8399999999999963,0.7199999999999989,0.8200000000000003,1.910000000000025,-0.4200000000000017,2.9199999999999875,0.7999999999999972,2.1199999999999903,0.509999999999998,0.8099999999999952,0.6599999999999966,3.0600000000000023,0.46000000000000085,0.45000000000000284,-0.0899999999999963,0.07000000000000028,0.7600000000000051,2.1300000000000097,0.5199999999999818,1.6799999999999926,-2.819999999999993,0.5700000000000003,0.45000000000000284,1.4099999999999966
2016-07-01,0.4000000000000057,-0.10999999999999943,0.15000000000000568,1.0700000000000074,,-0.6299999999999955,-0.37999999999999545,0.28000000000000114,0.16000000000000014,-0.2400000000000091,1.3300000000000125,0.1599999999999966,0.10999999999999943,-0.25,-0.2600000000000051,-0.20000000000000284,0.6800000000000068,0.4000000000000057,0.3999999999999986,0.02999999999999403,-0.5399999999999991,0.4200000000000017,0.2600000000000051,-0.10999999999999943,-0.29999999999998295,0.25,0.01999999999999602,0.37999999999999545,-0.3199999999999932,0.480000000000004
2016-07-05,-0.4000000000000057,1.0700000000000003,-1.460000000000008,-1.2800000000000011,,-0.06999999999999318,1.0800000000000054,-0.10999999999999943,0.1999999999999993,2.2700000000000102,-0.25,0.4900000000000091,0.17999999999999972,-0.9099999999999966,0.9000000000000057,-0.2700000000000031,0.6400000000000006,0.7699999999999818,0.21999999999999886,0.3400000000000034,-0.14000000000000057,0.2700000000000031,0.9599999999999937,-0.4300000000000068,-1.4099999999999966,-1.4799999999999898,-0.4200000000000017,0.21000000000000085,-0.39000000000000057,-0.10000000000000853
2016-07-06,-0.9300000000000068,-0.7299999999999969,0.29000000000000625,-0.23999999999999488,,1.3199999999999932,0.7100000000000009,-1.4500000000000028,0.46999999999999886,-2.640000000000015,-2.3700000000000045,0.5200000000000102,0.1700000000000017,0.7099999999999937,-1.1799999999999997,-0.22999999999999687,1.3399999999999892,-0.03999999999999204,0.8899999999999935,0.6000000000000014,-0.9199999999999946,0.03999999999999915,-0.3400000000000034,0.38000000000000966,1.4000000000000057,-0.8299999999999983,-0.060000000000002274,0.04999999999999716,0.5599999999999881,-0.7400000000000091
2016-07-07,0.23999999999999488,0.3300000000000054,-0.25,-0.01999999999999602,,-1.8400000000000034,-0.010000000000005116,0.7800000000000011,0.010000000000001563,1.0,-0.09000000000000341,-0.15000000000000568,0.240000000000002,-0.0799999999999983,0.05999999999999517,0.3299999999999983,0.030000000000001137,0.21999999999999886,-0.10999999999999943,-0.03999999999999915,0.12000000000000455,-0.01999999999999602,0.4000000000000057,-1.1899999999999977,-1.5699999999999932,0.4399999999999977,-0.19000000000001194,-0.7199999999999989,-0.20000000000000284,-1.3800000000000097
2016-07-08,0.19000000000001194,0.8100000000000023,1.490000000000009,-1.4500000000000028,,-0.8900000000000006,1.1199999999999974,0.37000000000000455,0.2100000000000044,1.0199999999999818,-2.009999999999991,-0.46000000000000796,0.3500000000000014,0.15000000000000568,0.5,-0.0800000000000054,0.09000000000000341,-1.25,-0.37000000000000455,-0.5700000000000003,0.6199999999999974,-0.23999999999999488,-0.789999999999992,0.3200000000000074,0.4299999999999784,0.75,1.1200000000000045,-0.509999999999998,-0.020000000000010232,-0.15000000000000568
2016-07-11,0.23000000000000398,0.20999999999999375,1.1999999999999886,-0.20000000000000284,,0.5799999999999983,0.3399999999999963,0.18000000000000682,-0.04999999999999716,0.6999999999999886,0.3199999999999932,0.7300000000000182,0.3400000000000034,-0.22000000000001307,-0.14999999999999858,0.21999999999999886,0.3100000000000023,0.5999999999999943,0.0800000000000054,0.09000000000000341,0.0,0.0799999999999983,0.14000000000000057,0.19999999999998863,0.950000000000017,0.29999999999999716,-0.29000000000000625,0.17999999999999972,0.39000000000000057,0.14000000000000057
2016-07-12,0.25,0.36999999999999744,-1.990000000000009,-1.0799999999999983,,0.480000000000004,1.3100000000000023,0.01999999999999602,0.05000000000000426,2.9199999999999875,-0.4000000000000057,1.039999999999992,0.4299999999999997,0.269999999999996,-0.1700000000000017,-0.060000000000002274,0.25,0.4099999999999966,0.3299999999999983,0.2700000000000031,0.0,0.09000000000000341,0.2600000000000051,0.3100000000000023,1.0299999999999727,0.269999999999996,-0.7999999999999972,-0.28000000000000114,-0.29000000000000625,0.28000000000000114
2016-07-13,-0.539999999999992,0.12000000000000455,1.1699999999999875,-0.29000000000000625,,-0.12999999999999545,0.04000000000000625,-0.5799999999999983,-0.10000000000000142,0.9199999999999875,1.2800000000000011,0.27000000000001023,-0.030000000000001137,0.3199999999999932,0.0799999999999983,-0.13000000000000256,0.45999999999999375,-0.009999999999990905,-0.23000000000000398,-0.05000000000000426,-0.18999999999999773,0.030000000000001137,0.0799999999999983,0.3400000000000034,-0.5199999999999818,0.020000000000010232,-0.22000000000001307,-0.4200000000000017,-0.37000000000000455,0.22999999999998977
2016-07-14,-1.4000000000000057,-0.04999999999999716,0.07999999999998408,0.4399999999999977,,0.5,0.3400000000000034,0.45000000000000284,0.13000000000000256,2.25,-0.13999999999998636,1.4699999999999989,-0.07000000000000028,0.20000000000000284,-0.6199999999999903,-0.03999999999999915,0.23000000000000398,-0.75,0.21999999999999886,0.10000000000000142,-0.19000000000000483,0.4299999999999997,-0.5699999999999932,0.2600000000000051,-1.549999999999983,-0.8400000000000034,-0.0799999999999983,0.22000000000000597,-0.09000000000000341,-0.09999999999999432
2016-07-15,-0.14000000000000057,0.1700000000000017,-0.589999999999975,-0.21000000000000796,,0.29999999999999716,-0.020000000000010232,0.6200000000000045,0.12000000000000455,-1.2200000000000273,-0.3400000000000034,-0.12000000000000455,-0.18999999999999773,-0.769999999999996,0.5699999999999932,0.25,-0.8100000000000023,-0.09999999999999432,0.1699999999999946,0.25,-0.720000000000006,-0.19999999999999574,0.23999999999999488,0.5,0.3199999999999932,-0.15000000000000568,-0.3500000000000085,-0.20999999999999375,0.3100000000000023,0.3199999999999932
2016-07-18,-1.1299999999999955,-0.030000000000001137,1.0500000000000114,-0.060000000000002274,,0.5799999999999983,-0.9000000000000057,-0.25,0.01999999999999602,-0.9699999999999989,-0.8799999999999955,-0.5600000000000023,0.13000000000000256,-0.14000000000000057,0.1699999999999946,0.05999999999999517,0.20000000000000284,0.3299999999999841,-0.020000000000003126,-0.259999999999998,0.259999999999998,0.04999999999999716,0.0899999999999892,1.1099999999999994,1.009999999999991,0.009999999999990905,0.03999999999999204,-0.060000000000002274,-0.20000000000000284,0.10000000000000853
2016-07-19,0.3100000000000023,0.46999999999999886,1.75,-0.3999999999999915,,-0.060000000000002274,-0.20000000000000284,-0.3400000000000034,0.17999999999999972,-0.6100000000000136,0.9099999999999966,-2.1999999999999886,-0.259999999999998,0.46999999999999886,-0.25,-0.1700000000000017,-2.4200000000000017,-0.12999999999999545,-0.4200000000000017,-0.6199999999999974,-0.29999999999999716,0.030000000000001137,-0.5,-0.11999999999999034,-1.8400000000000034,0.6300000000000097,-0.9699999999999989,-0.259999999999998,0.01999999999999602,0.29000000000000625
2016-07-20,-0.04000000000000625,0.18999999999999773,0.1699999999999875,0.23999999999999488,,-0.3400000000000034,-0.14000000000000057,0.4300000000000068,-0.17999999999999972,0.7800000000000011,0.009999999999990905,-1.3900000000000148,0.39000000000000057,-0.7000000000000028,-0.17999999999999972,-0.240000000000002,-0.7800000000000011,-0.3100000000000023,0.21000000000000085,0.240000000000002,-0.23000000000000398,0.21999999999999886,-0.060000000000002274,-0.4399999999999977,-0.44999999999998863,0.3500000000000085,0.6099999999999994,-0.03999999999999915,-0.0899999999999892,0.3199999999999932
2016-07-21,0.3999999999999915,-0.36999999999999744,-1.2299999999999898,-0.4399999999999977,,0.010000000000005116,0.05999999999998806,0.1599999999999966,0.13999999999999346,1.6599999999999966,-0.6899999999999977,-0.30000000000001137,-0.05999999999999517,0.05999999999998806,0.3100000000000023,-0.10999999999999943,-0.7600000000000051,1.0300000000000011,0.21000000000000085,0.17999999999999972,1.0,-0.03999999999999915,-0.2400000000000091,-0.3299999999999983,-0.1599999999999966,-0.5200000000000102,-0.6499999999999915,-0.1600000000000037,-0.0899999999999892,0.04000000000000625
2016-07-22,0.6000000000000085,-0.8800000000000026,-1.7199999999999989,0.4000000000000057,,0.020000000000010232,0.5400000000000063,0.6800000000000068,-0.33000000000000185,-0.12000000000000455,-0.11000000000001364,-1.289999999999992,-0.27999999999999403,0.09000000000000341,-0.14000000000000767,0.3299999999999983,0.9699999999999847,-0.020000000000010232,0.1700000000000017,-0.490000000000002,0.09000000000000341,-0.05999999999999517,0.21999999999999886,0.4300000000000068,0.0,-0.35999999999999943,0.07000000000000739,-0.6600000000000037,-0.21000000000000796,0.09999999999999432
2016-07-25,0.9099999999999966,0.12999999999999545,-0.2400000000000091,0.46000000000000796,,1.7900000000000063,0.5799999999999983,0.5100000000000051,-0.4299999999999997,0.8700000000000045,-0.05000000000001137,0.6500000000000057,0.07000000000000028,0.1799999999999926,-0.10999999999999943,-0.240000000000002,-0.5499999999999972,-0.5699999999999932,0.07000000000000028,0.259999999999998,-0.2700000000000031,0.01999999999999602,0.269999999999996,0.45000000000000284,0.0,-0.3999999999999915,1.230000000000004,-0.23000000000000398,-0.20000000000000284,1.269999999999996
2016-07-26,0.14999999999999147,-0.060000000000002274,-1.9499999999999886,-3.7099999999999937,,-0.11000000000001364,-0.10000000000000853,0.3299999999999983,0.20000000000000284,0.47999999999998977,-0.25,-0.5300000000000011,0.3400000000000034,-0.13000000000000966,-0.14999999999999858,0.6499999999999986,1.7900000000000063,-0.4900000000000091,0.3400000000000034,0.23999999999999488,-0.8300000000000054,0.0,-0.4100000000000108,-0.05999999999998806,0.2400000000000091,-0.8499999999999943,0.4900000000000091,1.0399999999999991,0.020000000000010232,0.09999999999999432
2016-07-27,1.3100000000000023,-0.3200000000000074,-0.1799999999999784,1.3799999999999955,,-0.4200000000000017,0.09999999999999432,0.37000000000000455,0.2099999999999973,-0.20999999999997954,-0.6999999999999886,0.28999999999999204,-0.1700000000000017,-0.3299999999999983,0.25,0.5,2.2099999999999937,0.8600000000000136,-0.21000000000000085,-0.4200000000000017,0.7100000000000009,0.0,0.7800000000000011,0.7099999999999937,-0.5100000000000193,-0.37000000000000455,-0.07000000000000739,-0.36999999999999744,-0.3400000000000034,0.6000000000000085
2016-07-28,-1.5100000000000051,0.4300000000000068,2.390000000000015,-0.7800000000000011,,0.29999999999999716,0.010000000000005116,0.4900000000000091,-0.05000000000000071,-0.3499999999999943,-1.7700000000000102,0.009999999999990905,0.05999999999999517,0.5200000000000102,0.09999999999999432,-0.37999999999999545,0.1700000000000017,0.3299999999999841,-0.09000000000000341,-0.21000000000000085,0.14000000000000057,-0.21000000000000085,-0.39000000000000057,-1.0300000000000011,1.3999999999999773,0.10999999999999943,0.5,-0.3400000000000034,-0.09999999999999432,0.3400000000000034
2016-07-29,0.01999999999999602,-0.2400000000000091,-0.6099999999999852,0.03999999999999204,,-1.9500000000000028,0.0,-0.10000000000000853,-0.14000000000000057,-0.6999999999999886,0.7800000000000011,0.7400000000000091,-0.0899999999999963,-0.8900000000000006,0.1700000000000017,-0.0899999999999963,1.4899999999999949,0.25,0.3500000000000014,0.4200000000000017,-0.22999999999999687,-0.21000000000000085,0.7000000000000028,-1.1200000000000045,1.3499999999999943,-0.15000000000000568,-1.1899999999999977,-0.4199999999999946,-0.20000000000000284,-1.3400000000000034
2016-08-01,1.6400000000000006,0.35999999999999943,0.0,0.8100000000000023,,-2.219999999999999,0.0,-0.6099999999999994,-0.029999999999997584,0.6299999999999955,0.710000000000008,-0.799999999999983,0.030000000000001137,0.09000000000000341,-0.3500000000000085,0.23999999999999488,-0.13000000000000966,1.2099999999999795,0.1700000000000017,-0.020000000000003126,-0.3200000000000003,0.28999999999999915,0.9699999999999989,-0.5499999999999972,0.09000000000000341,-0.519999999999996,0.04999999999999716,-1.0799999999999983,-0.9699999999999989,-2.219999999999999
2016-08-02,-1.5699999999999932,0.490000000000002,0.0,0.7600000000000051,,-0.07000000000000739,0.4099999999999966,0.3399999999999892,-0.05999999999999872,1.5900000000000034,-1.6899999999999977,-0.6899999999999977,-0.25,-0.8000000000000114,-0.05999999999999517,-0.17999999999999972,-0.480000000000004,-0.21999999999999886,0.3500000000000014,0.2700000000000031,0.30999999999999517,-0.36999999999999744,-0.2599999999999909,0.3200000000000074,-0.6400000000000148,0.21999999999999886,-0.21000000000000796,0.45000000000000284,-0.5700000000000074,-0.5900000000000034
2016-08-03,-0.980000000000004,-0.3299999999999983,-0.09999999999999432,-0.8799999999999955,,0.9599999999999937,-0.10999999999999943,-1.0300000000000011,-0.09999999999999787,-1.8900000000000148,0.06999999999999318,-0.539999999999992,-0.14999999999999858,1.0999999999999943,0.9699999999999989,-0.01999999999999602,0.25,0.3400000000000034,0.5200000000000031,-0.28999999999999915,-0.20000000000000284,0.6199999999999974,0.5400000000000063,0.7000000000000028,0.45000000000001705,-0.020000000000010232,0.4299999999999926,0.259999999999998,0.060000000000002274,0.47999999999998977
2016-08-04,0.29000000000000625,0.05999999999999517,-0.789999999999992,-0.04999999999999716,,0.10999999999999943,-0.15000000000000568,-0.37000000000000455,-0.029999999999997584,-0.1699999999999875,-0.2600000000000193,0.6899999999999977,0.28999999999999915,0.37999999999999545,0.07000000000000739,0.05000000000000426,-0.45000000000000284,1.1500000000000057,-0.10000000000000142,0.5900000000000034,-0.1700000000000017,0.3500000000000014,0.07000000000000739,-0.21999999999999886,0.38999999999998636,-0.18999999999999773,0.6500000000000057,0.07000000000000028,-0.5,-0.01999999999999602
2016-08-05,1.210000000000008,0.9799999999999898,0.4800000000000182,-0.3400000000000034,,-0.47999999999998977,-0.01999999999999602,-0.4299999999999926,-0.010000000000001563,-2.3400000000000034,-0.09000000000000341,1.5,0.17999999999999972,0.14000000000000057,1.1599999999999966,0.1700000000000017,0.4299999999999926,-0.3199999999999932,1.3500000000000014,0.3100000000000023,-0.5300000000000011,-0.0799999999999983,0.29999999999999716,-0.1700000000000017,0.3400000000000034,-0.8900000000000006,0.4099999999999966,0.29999999999999716,0.30000000000001137,0.1700000000000017
2016-08-08,0.8500000000000085,0.0,-0.05000000000001137,0.4399999999999977,,-0.21000000000000796,0.1799999999999926,-0.35999999999999943,-0.030000000000001137,0.7300000000000182,0.6999999999999886,-0.6899999999999977,0.14000000000000057,0.3499999999999943,0.030000000000001137,-0.00999999999999801,-0.8799999999999955,-0.3199999999999932,0.20000000000000284,0.0,-0.15000000000000568,-0.3500000000000014,-0.15000000000000568,-0.269999999999996,0.4800000000000182,0.05000000000001137,-0.28000000000000114,0.04999999999999716,-0.6599999999999966,-0.5400000000000063
2016-08-09,0.5799999999999983,0.0,-0.10999999999998522,-0.6899999999999977,,-0.5300000000000011,-0.6000000000000085,-1.0600000000000023,-0.07000000000000028,0.9399999999999977,0.1599999999999966,0.44999999999998863,-0.11999999999999744,0.47999999999998977,-0.3100000000000023,-0.030000000000001137,-0.3299999999999983,-0.01999999999998181,-0.36999999999999744,0.0,0.30999999999999517,-0.0899999999999963,0.12999999999999545,0.11999999999999034,0.7300000000000182,0.3299999999999983,-0.10000000000000853,-0.05999999999999517,-0.18000000000000682,0.0799999999999983
2016-08-10,-0.7099999999999937,0.6900000000000119,-0.18000000000000682,0.6599999999999966,,1.5100000000000051,-0.14999999999999147,1.1599999999999966,0.019999999999999574,-1.259999999999991,0.700000000000017,0.10999999999998522,0.46999999999999886,0.23000000000000398,0.6400000000000006,0.030000000000001137,0.7999999999999972,0.6999999999999886,-0.5499999999999972,-0.13999999999999346,0.8200000000000003,-0.03999999999999915,0.04999999999999716,-0.28000000000000114,-0.3199999999999932,-0.3399999999999892,-0.28999999999999204,-0.00999999999999801,0.38000000000000966,-1.3700000000000045
2016-08-11,0.5899999999999892,-0.480000000000004,0.15000000000000568,-0.23999999999999488,,-0.75,-0.04000000000000625,-0.4300000000000068,-0.019999999999999574,-1.660000000000025,-0.7299999999999898,-1.2800000000000011,-0.020000000000003126,0.0799999999999983,-0.18999999999999773,-0.030000000000001137,0.5099999999999909,1.9199999999999875,1.0200000000000031,-0.269999999999996,-1.0999999999999943,-0.01999999999999602,0.030000000000001137,-0.10000000000000853,0.38999999999998636,-0.6800000000000068,-0.12000000000000455,-0.04999999999999716,-0.7000000000000028,-0.030000000000001137
2016-08-12,-0.4000000000000057,0.21999999999999886,0.19999999999998863,-0.2600000000000051,,0.4200000000000017,1.2800000000000011,0.9799999999999898,-0.03999999999999915,0.5800000000000125,0.5699999999999932,-1.240000000000009,0.04999999999999716,0.25,0.3499999999999943,0.12000000000000455,-0.04999999999999716,-1.1999999999999886,0.21000000000000085,-0.09000000000000341,-0.25,-0.10000000000000142,0.12000000000000455,0.06999999999999318,0.7199999999999989,-0.14999999999999147,0.21999999999999886,-0.3100000000000023,-0.09000000000000341,0.8900000000000006
2016-08-15,1.3400000000000034,0.35999999999999943,0.960000000000008,-1.1500000000000057,,0.1599999999999966,-0.7800000000000011,0.25,-0.060000000000002274,1.6800000000000068,-0.05000000000001137,0.5200000000000102,0.20999999999999375,0.8100000000000023,0.1599999999999966,0.14000000000000057,0.5,0.4399999999999977,-0.030000000000001137,-0.10999999999999943,-0.12000000000000455,-0.060000000000002274,-0.5,0.23000000000000398,-1.3400000000000034,-0.519999999999996,0.7800000000000011,0.04999999999999716,-0.4900000000000091,-0.6099999999999994
2016-08-16,-0.25,-0.3100000000000023,0.8499999999999943,0.0800000000000125,,-0.14999999999999147,-0.4200000000000017,-0.01999999999999602,-0.05000000000000071,0.6599999999999966,1.420000000000016,0.410000000000025,0.4399999999999977,1.7800000000000011,0.3499999999999943,-0.4200000000000017,0.37000000000000455,0.8700000000000045,-0.03999999999999915,-0.1700000000000017,0.0800000000000054,-0.14999999999999858,0.4000000000000057,0.9599999999999937,0.06999999999999318,-0.04999999999999716,0.39000000000000057,0.740000000000002,-0.29999999999999716,-0.09000000000000341
2016-08-17,-0.12000000000000455,-0.28000000000000114,-0.12999999999999545,0.0,,-0.7199999999999989,-0.4900000000000091,0.030000000000001137,0.029999999999997584,-0.27000000000001023,-0.6500000000000057,0.5300000000000011,-0.14999999999999858,-0.8100000000000023,0.09000000000000341,-0.05000000000000426,0.8800000000000097,-1.200000000000017,0.259999999999998,-0.020000000000003126,-0.00999999999999801,-0.39000000000000057,-0.5099999999999909,-0.3200000000000074,-0.4200000000000159,-0.39000000000000057,0.13000000000000966,-0.2700000000000031,0.9400000000000119,0.18999999999999773
2016-08-18,-0.15000000000000568,0.10999999999999943,-0.28000000000000114,0.0,,0.9200000000000017,0.8100000000000023,-0.21999999999999886,0.17999999999999972,-0.7199999999999989,-1.2299999999999898,-0.4700000000000273,-0.00999999999999801,-0.45000000000000284,0.3299999999999983,0.09000000000000341,0.10999999999999943,-0.5199999999999818,0.5500000000000043,0.17999999999999972,-0.21999999999999886,0.04999999999999716,0.5,0.44999999999998863,0.5,0.28000000000000114,0.2599999999999909,-0.0800000000000054,-0.6400000000000006,0.5300000000000011
2016-08-19,-0.5900000000000034,0.060000000000002274,-0.060000000000002274,-0.7800000000000011,,-0.75,0.7800000000000011,0.010000000000005116,-0.07000000000000028,0.8699999999999761,-1.0400000000000205,-0.8000000000000114,0.3999999999999986,-0.010000000000005116,0.14000000000000057,-0.12999999999999545,1.789999999999992,-0.950000000000017,0.17999999999999972,0.18999999999999773,1.5,-0.0800000000000054,0.10999999999999943,0.09000000000000341,0.38999999999998636,0.12999999999999545,0.45999999999999375,0.4399999999999977,1.289999999999992,-0.8299999999999983
2016-08-22,-0.3499999999999943,-0.1700000000000017,-0.6899999999999977,-0.030000000000001137,,-0.18999999999999773,0.25,0.5999999999999943,-0.14999999999999858,0.2599999999999909,-0.2599999999999909,0.0,0.1599999999999966,-0.7700000000000102,0.04999999999999716,0.19999999999999574,-0.4200000000000017,-0.11000000000001364,0.29999999999999716,0.07000000000000028,-0.1600000000000037,-0.04000000000000625,-0.29000000000000625,-0.45000000000000284,-0.020000000000010232,-0.01999999999999602,0.7199999999999989,0.030000000000001137,0.35999999999999943,-0.6799999999999926
2016-08-23,-0.2599999999999909,0.04999999999999716,-1.1800000000000068,-0.030000000000001137,,-0.3499999999999943,0.4399999999999977,0.1599999999999966,-0.21999999999999886,-0.9199999999999875,-0.28999999999999204,0.0,-0.10000000000000142,0.23000000000000398,-0.29999999999999716,0.0,-0.7199999999999989,-0.1599999999999966,-0.13000000000000256,-0.00999999999999801,-0.8200000000000003,0.09000000000000341,-0.27000000000001023,0.6500000000000057,0.7199999999999989,1.0,-0.5700000000000074,0.02999999999999403,0.9200000000000017,-0.12000000000000455
2016-08-24,-0.5300000000000011,0.6899999999999977,0.7199999999999989,-0.2599999999999909,,-0.7999999999999972,0.10999999999999943,0.19000000000001194,0.05000000000000071,0.47999999999998977,-0.710000000000008,0.839999999999975,0.1700000000000017,0.7700000000000102,0.03999999999999204,0.0,0.28000000000000114,0.0,0.8700000000000045,-0.15000000000000568,0.3299999999999983,-0.4099999999999966,-0.009999999999990905,-0.45000000000000284,2.1299999999999955,0.060000000000002274,0.5099999999999909,0.01999999999999602,-0.2600000000000051,-0.519999999999996
2016-08-25,-0.1799999999999926,0.0,0.3200000000000216,0.22999999999998977,,-0.4000000000000057,-0.10999999999999943,0.07000000000000739,-0.019999999999999574,-0.8199999999999932,-0.700000000000017,0.37000000000000455,-0.04000000000000625,0.29000000000000625,-0.1599999999999966,-0.17999999999999972,-0.3300000000000125,0.0,0.5399999999999991,0.28999999999999915,-0.769999999999996,-0.010000000000005116,-0.6000000000000085,0.6200000000000045,2.4499999999999886,0.030000000000001137,-0.029999999999986926,-0.21999999999999886,-1.1500000000000057,-0.5600000000000023
2016-08-26,-0.46999999999999886,0.0,1.2700000000000102,0.5499999999999972,,0.7900000000000063,0.8499999999999943,0.45000000000000284,-0.03999999999999915,-0.789999999999992,-1.0699999999999932,0.5600000000000023,0.14999999999999858,-0.20000000000000284,-0.10999999999999943,0.3999999999999986,-1.1899999999999977,-0.7800000000000011,-0.37000000000000455,-0.25,-0.4299999999999997,0.020000000000003126,-0.29000000000000625,-0.9299999999999926,1.049999999999983,0.6299999999999955,-0.05000000000001137,-0.5700000000000003,0.269999999999996,0.35999999999999943
2016-08-29,-0.19999999999998863,-0.519999999999996,-0.18000000000000682,-0.5899999999999892,,-0.8100000000000023,0.6400000000000006,0.19999999999998863,-0.17999999999999972,-0.27000000000001023,-0.37999999999999545,-0.8899999999999864,0.07000000000000028,0.6200000000000045,-0.46000000000000796,-0.19999999999999574,-0.8100000000000023,-0.6399999999999864,0.0899999999999963,0.0799999999999983,-0.5700000000000003,0.1700000000000017,-0.9099999999999966,-0.8500000000000085,-0.0700000000000216,-0.39000000000000057,-0.3299999999999983,-0.14000000000000057,-0.2600000000000051,-0.7999999999999972
2016-08-30,0.20000000000000284,-0.3199999999999932,-2.3799999999999955,-0.37999999999999545,,-0.5999999999999943,0.30000000000001137,-0.09000000000000341,0.030000000000001137,2.680000000000007,-0.700000000000017,-0.3599999999999852,0.10999999999999943,-1.2000000000000028,0.5400000000000063,-0.21999999999999886,-0.04999999999999716,-0.5699999999999932,-0.25,0.0899999999999963,0.46000000000000085,-0.22999999999999687,-0.1799999999999926,1.3100000000000023,-0.13999999999998636,-0.5200000000000102,0.1700000000000017,-0.30999999999999517,-0.45000000000000284,-0.3500000000000085
2016-08-31,0.4399999999999977,-0.10999999999999943,1.3800000000000239,0.10999999999999943,,0.6200000000000045,0.3500000000000085,-0.23000000000000398,-0.05000000000000071,0.21000000000000796,-0.2300000000000182,0.7800000000000011,0.2700000000000031,0.20000000000000284,0.04000000000000625,0.0,-0.14999999999999147,0.25,0.28999999999999915,0.18999999999999773,0.21999999999999886,0.060000000000002274,0.4399999999999977,0.5,0.5,0.5599999999999881,-0.04999999999999716,-0.10999999999999943,0.01999999999999602,0.0
2016-09-01,0.5900000000000034,-0.6899999999999977,0.12999999999999545,0.14000000000000057,,0.14000000000000057,0.009999999999990905,0.46999999999999886,-0.05000000000000071,-1.490000000000009,-0.25,-1.2199999999999989,0.030000000000001137,0.10999999999999943,-0.4300000000000068,0.0,-0.10999999999999943,-0.6699999999999875,-0.19999999999999574,-0.5800000000000054,-0.8699999999999974,0.04999999999999716,-0.9500000000000028,-0.5500000000000114,1.079999999999984,0.01999999999999602,-0.1599999999999966,0.4200000000000017,-1.2700000000000102,0.0
2016-09-02,0.030000000000001137,-0.12999999999999545,-0.27000000000001023,0.5,,-0.04000000000000625,0.09000000000000341,0.3299999999999983,0.03999999999999915,-0.6599999999999966,-0.37999999999999545,-0.3299999999999841,-0.13000000000000256,0.04000000000000625,-0.0899999999999892,0.13999999999999346,0.10000000000000853,0.28000000000000114,0.38999999999999346,0.0,-0.6099999999999994,0.00999999999999801,-0.28000000000000114,-0.7800000000000011,-0.11000000000001364,0.2599999999999909,0.4300000000000068,0.0800000000000054,-0.4899999999999949,0.0
2016-09-06,-0.20000000000000284,0.6000000000000085,1.3600000000000136,-0.06999999999999318,,1.220000000000013,0.35999999999999943,0.730000000000004,-0.259999999999998,0.6100000000000136,-0.8600000000000136,-0.46999999999999886,-0.18999999999999773,0.030000000000001137,-0.060000000000002274,0.04999999999999716,-0.1599999999999966,-0.09999999999999432,0.25,0.0,0.8400000000000034,0.10999999999999943,-0.39000000000000057,0.7700000000000102,-0.6500000000000057,0.9899999999999949,0.5300000000000011,0.4199999999999946,-0.23999999999999488,0.0
2016-09-07,-0.5300000000000011,0.7000000000000028,0.1599999999999966,1.2199999999999989,,0.12999999999999545,0.020000000000010232,0.27000000000001023,-0.07000000000000028,0.9699999999999989,0.5100000000000193,1.4499999999999886,-0.18999999999999773,0.23000000000000398,0.0,-0.0799999999999983,-0.3499999999999943,0.28999999999999204,-0.44000000000000483,-0.18999999999999773,-0.240000000000002,-0.12000000000000455,-0.35999999999999943,0.19000000000001194,0.009999999999990905,-0.12999999999999545,0.7599999999999909,0.21000000000000085,-0.9399999999999977,-0.4100000000000108
2016-09-08,-1.730000000000004,0.0899999999999892,0.5800000000000125,0.04000000000000625,,0.7800000000000011,-0.4300000000000068,-0.6000000000000085,0.03999999999999915,2.3100000000000023,0.29000000000002046,-1.5500000000000114,-0.0899999999999963,-0.09999999999999432,0.0,0.03999999999999915,0.6499999999999915,-0.9099999999999966,-0.7899999999999991,-0.20000000000000284,-0.7100000000000009,0.00999999999999801,0.1700000000000017,-1.1400000000000006,-0.9699999999999989,0.14000000000000057,-0.04999999999999716,0.0,0.060000000000002274,-0.5
2016-09-09,1.5100000000000051,-0.6199999999999903,-3.4099999999999966,-2.0999999999999943,,-2.0799999999999983,-0.6499999999999915,-1.0900000000000034,-0.7100000000000009,-2.2600000000000193,2.8999999999999915,2.3400000000000034,-0.6600000000000037,-0.7999999999999972,-0.37999999999999545,1.1599999999999966,1.019999999999996,-3.25,-0.19999999999999574,0.5799999999999983,0.5500000000000043,-0.44999999999999574,0.8599999999999994,1.9399999999999977,-1.0900000000000034,-2.319999999999993,1.0700000000000074,0.0,1.019999999999996,-1.8199999999999932
2016-09-12,-2.789999999999992,-1.1800000000000068,-3.240000000000009,-1.6500000000000057,,-1.0499999999999972,-0.01999999999999602,-1.6800000000000068,-0.48999999999999844,-4.050000000000011,-2.0900000000000034,-3.030000000000001,-0.8900000000000006,-1.3999999999999915,-0.9200000000000017,-0.8299999999999983,-1.480000000000004,-3.0999999999999943,-1.1899999999999977,-1.0499999999999972,-1.009999999999998,-0.6499999999999986,-2.2099999999999937,-1.3900000000000006,-2.819999999999993,-1.8299999999999983,-1.6299999999999955,-0.8200000000000003,-1.1499999999999915,-0.5100000000000051
2016-09-13,0.4399999999999977,-0.8599999999999994,-0.46000000000000796,-0.8699999999999903,,-2.219999999999999,-0.5799999999999983,-0.3400000000000034,-0.36999999999999744,-1.539999999999992,-2.019999999999996,-1.8199999999999932,-0.14000000000000057,-0.8100000000000023,0.4200000000000017,-0.490000000000002,-0.8799999999999955,-0.7600000000000193,-0.5599999999999952,0.030000000000001137,-0.490000000000002,-0.3999999999999986,-0.5,-0.09999999999999432,-0.29000000000002046,-0.75,-0.519999999999996,-0.5999999999999943,-0.38000000000000966,-1.25
2016-09-14,3.039999999999992,0.8800000000000026,1.2399999999999949,-0.6400000000000006,,0.7000000000000028,-0.04000000000000625,0.3299999999999983,0.10999999999999943,0.8400000000000034,-0.6500000000000057,1.6499999999999773,-0.10999999999999943,-0.010000000000005116,0.13000000000000966,0.1600000000000037,-0.18000000000000682,0.3400000000000034,0.5700000000000003,-0.13000000000000256,0.02999999999999403,0.17999999999999972,0.10999999999999943,0.6800000000000068,0.18000000000000682,0.5300000000000011,-0.030000000000001137,0.10000000000000142,0.10000000000000853,0.44000000000001194
2016-09-15,1.7099999999999937,-0.4299999999999997,-0.20000000000000284,1.2000000000000028,,-1.0,0.5300000000000011,-0.37999999999999545,-0.1999999999999993,-2.3000000000000114,0.9899999999999949,-1.3599999999999852,0.8200000000000003,0.8199999999999932,0.3499999999999943,-0.3500000000000014,1.2600000000000051,-1.0600000000000023,-1.1400000000000006,-1.0399999999999991,-0.46999999999999886,-0.25,-1.3100000000000023,-1.4699999999999989,-2.5800000000000125,-1.269999999999996,0.5900000000000034,-0.4899999999999949,-0.9200000000000017,-0.4099999999999966
2016-09-16,-0.20000000000000284,0.28999999999999915,-1.009999999999991,0.4299999999999926,,-0.4899999999999949,-0.3100000000000023,0.29000000000000625,0.05000000000000071,-1.8499999999999943,-0.9099999999999966,-1.1999999999999886,-0.04999999999999716,-0.2600000000000051,-0.27000000000001023,-0.030000000000001137,-0.4000000000000057,-0.8199999999999932,-0.1700000000000017,-0.38000000000000256,-0.060000000000002274,-0.25,0.4299999999999926,0.1599999999999966,2.859999999999985,-2.469999999999999,0.3299999999999983,-0.00999999999999801,0.5500000000000114,-0.480000000000004
2016-09-19,1.6099999999999994,0.10000000000000142,0.01999999999999602,-0.30000000000001137,,0.28999999999999204,1.210000000000008,-0.1700000000000017,-0.3500000000000014,1.1299999999999955,0.39000000000000057,0.0,0.5300000000000011,0.7000000000000028,-0.03999999999999204,0.05999999999999517,0.6200000000000045,-0.6699999999999875,1.2100000000000009,0.3400000000000034,0.4299999999999997,0.3400000000000034,0.45000000000000284,-0.03999999999999204,-1.0,0.060000000000002274,0.0799999999999983,0.6899999999999977,-0.5499999999999972,0.75
2016-09-20,-0.519999999999996,-0.7999999999999972,0.1599999999999966,0.7599999999999909,,0.46999999999999886,1.1199999999999903,-0.25,0.0,1.210000000000008,0.030000000000001137,0.0,0.28000000000000114,0.21999999999999886,-0.29000000000000625,-0.030000000000001137,-0.730000000000004,-0.11000000000001364,-0.03999999999999915,0.5399999999999991,0.39000000000000057,0.030000000000001137,0.0799999999999983,1.0799999999999983,0.6599999999999966,0.5300000000000011,-0.4899999999999949,0.3299999999999983,0.18000000000000682,1.1899999999999977
2016-09-21,-0.29999999999999716,-0.28999999999999915,-2.3799999999999955,-1.1700000000000017,,-1.2800000000000011,-0.04000000000000625,-0.6099999999999994,0.0,0.38999999999998636,-0.5900000000000176,-0.6200000000000045,-0.240000000000002,-0.9599999999999937,0.0,0.25,0.44000000000001194,-1.710000000000008,0.44000000000000483,-0.25,-0.3200000000000003,-0.38000000000000256,-0.7400000000000091,-1.0400000000000063,-1.710000000000008,-1.309999999999988,-0.29999999999999716,-0.5,-0.009999999999990905,-0.480000000000004
2016-09-22,-0.27000000000001023,0.28000000000000114,0.4200000000000159,-0.46999999999999886,,-0.539999999999992,-0.5300000000000011,-0.6799999999999926,0.0799999999999983,0.4299999999999784,-0.06999999999999318,-0.03999999999999204,-0.05000000000000426,0.20999999999999375,0.0,0.25,-0.09999999999999432,0.01999999999998181,0.10000000000000142,-0.10000000000000142,-0.060000000000002274,-0.17999999999999972,-1.2199999999999989,0.3100000000000023,0.549999999999983,0.269999999999996,-0.060000000000002274,0.20000000000000284,-0.1600000000000108,-0.7399999999999949
2016-09-23,-1.710000000000008,-0.6600000000000037,0.5300000000000011,1.0700000000000074,,0.12000000000000455,-0.18999999999999773,0.20000000000000284,-0.129999999999999,2.6200000000000045,0.8399999999999892,0.6400000000000148,0.2600000000000051,-0.5999999999999943,-0.14000000000000057,-0.07000000000000028,-0.6800000000000068,-2.0100000000000193,0.09000000000000341,0.4399999999999977,-0.12999999999999545,-0.10000000000000142,-0.8699999999999903,-1.3199999999999932,-0.5100000000000193,0.46000000000000796,0.789999999999992,0.2600000000000051,0.25,-0.769999999999996
2016-09-26,-1.2399999999999949,0.01999999999999602,-0.5,-0.1700000000000017,,0.7099999999999937,-0.18999999999999773,-0.5100000000000051,0.26000000000000156,2.3500000000000227,1.6499999999999915,0.4800000000000182,0.2700000000000031,0.8499999999999943,0.8199999999999932,0.6600000000000037,-0.269999999999996,0.9000000000000057,-0.38000000000000256,0.17999999999999972,-0.3999999999999986,-0.28000000000000114,-0.4299999999999926,1.1299999999999955,0.22999999999998977,0.07000000000000739,0.3400000000000034,-0.30000000000000426,0.6899999999999977,-0.45999999999999375
2016-09-27,0.09000000000000341,-0.3500000000000014,-1.0300000000000011,0.6899999999999977,,-0.7400000000000091,-0.7600000000000051,0.21000000000000796,-0.2799999999999976,-2.1699999999999875,-1.019999999999996,-2.450000000000017,-0.28000000000000114,-0.8299999999999983,-0.9500000000000028,-0.4000000000000057,0.07000000000000739,-0.6899999999999977,-0.259999999999998,-1.0200000000000031,-1.0900000000000034,-0.04999999999999716,0.29999999999999716,-0.519999999999996,-0.799999999999983,0.269999999999996,-0.36999999999999034,-0.17999999999999972,-0.3999999999999915,-0.6499999999999915
2016-09-28,0.2600000000000051,-0.04999999999999716,0.6399999999999864,3.3400000000000034,,2.6300000000000097,-0.04000000000000625,-0.45000000000000284,-0.020000000000003126,0.10999999999998522,1.0600000000000165,1.299999999999983,0.12999999999999545,0.3400000000000034,0.12999999999999545,-0.480000000000004,1.1999999999999886,0.8100000000000023,0.29999999999999716,0.14999999999999858,-1.3500000000000014,0.14000000000000057,0.47999999999998977,0.3100000000000023,-0.7199999999999989,-0.3300000000000125,0.5900000000000034,-0.25,-0.4299999999999926,3.440000000000012
2016-09-29,-0.9799999999999898,0.8399999999999963,-0.7700000000000102,1.1899999999999977,,-0.730000000000004,0.7199999999999989,-0.3400000000000034,0.2799999999999976,-4.430000000000007,-0.5699999999999932,-0.5199999999999818,-0.1700000000000017,-1.6099999999999994,-1.0499999999999972,-0.00999999999999801,0.4099999999999966,-2.109999999999985,-1.1100000000000065,-0.4100000000000037,0.7600000000000051,-0.6199999999999974,-0.9299999999999926,-0.9399999999999977,1.8600000000000136,1.7199999999999989,-0.7999999999999972,-0.27999999999999403,0.8399999999999892,-0.5100000000000051
2016-09-30,-0.5900000000000034,-0.2600000000000051,0.3499999999999943,0.7800000000000011,,-1.0900000000000034,-0.20999999999999375,-0.5799999999999983,-0.019999999999999574,-1.3200000000000216,-0.8100000000000023,0.05000000000001137,-0.28000000000000114,-0.3499999999999943,-0.5100000000000051,0.10999999999999943,-0.6700000000000017,0.35000000000002274,-0.519999999999996,-0.030000000000001137,-0.0799999999999983,-0.4299999999999997,-1.4500000000000028,-0.36999999999999034,-0.8199999999999932,-0.1799999999999926,-0.5400000000000063,-0.45000000000000284,-0.6200000000000045,-0.4399999999999977
2016-10-03,-0.18999999999999773,-0.01999999999999602,-1.0999999999999943,0.04999999999999716,,-0.09999999999999432,0.28000000000000114,0.01999999999999602,0.17999999999999972,0.5699999999999932,0.30000000000001137,0.44999999999998863,-0.030000000000001137,0.8100000000000023,0.1600000000000108,-0.28000000000000114,-0.37000000000000455,0.29000000000002046,0.30000000000000426,0.020000000000003126,0.13000000000000256,-0.04999999999999716,-0.6899999999999977,-1.269999999999996,-0.8599999999999852,0.8300000000000125,0.4399999999999977,-0.03999999999999915,0.18000000000000682,0.10999999999999943
2016-10-04,0.060000000000002274,-0.06999999999999318,-0.5200000000000102,-0.9899999999999949,,1.4399999999999977,-1.1899999999999977,0.14000000000000057,-0.21000000000000085,1.0300000000000011,-0.3300000000000125,1.2099999999999795,0.23000000000000398,-0.020000000000010232,0.39000000000000057,0.5,1.4899999999999949,2.9099999999999966,-0.01999999999999602,-0.030000000000001137,-0.759999999999998,-0.10999999999999943,-0.05999999999998806,0.9900000000000091,0.5300000000000011,-1.1399999999999864,-0.5499999999999972,-0.5100000000000051,-0.25,-1.1299999999999955
2016-10-05,0.3500000000000085,0.5899999999999963,-1.7299999999999898,-1.2999999999999972,,-0.2400000000000091,-0.8599999999999994,-0.4899999999999949,0.019999999999999574,3.0800000000000125,0.7399999999999949,-0.010000000000019327,-0.240000000000002,0.03999999999999204,0.7999999999999972,0.11999999999999744,0.5,-0.7299999999999898,-0.09999999999999432,-0.3500000000000014,0.030000000000001137,0.1700000000000017,0.36999999999999034,-0.1599999999999966,0.6100000000000136,-0.5499999999999972,-0.39000000000000057,0.4199999999999946,0.20000000000000284,-0.1700000000000017
2016-10-06,-0.18999999999999773,-1.6200000000000045,-0.410000000000025,0.3300000000000125,,-0.13999999999998636,1.2000000000000028,-0.0799999999999983,0.129999999999999,-0.030000000000001137,-3.319999999999993,0.03999999999999204,0.22999999999999687,-0.25,0.14000000000000057,-0.030000000000001137,-0.6700000000000017,-0.29000000000002046,0.1699999999999946,0.0,0.1700000000000017,-0.13000000000000256,0.6099999999999994,-0.009999999999990905,0.8400000000000034,-0.030000000000001137,0.23999999999999488,0.060000000000002274,0.8400000000000034,-0.20999999999999375
2016-10-07,-0.25,0.3500000000000014,0.0800000000000125,-1.0499999999999972,,0.23000000000000398,-1.0500000000000114,-0.5700000000000074,-0.019999999999999574,-2.3300000000000125,-1.5200000000000102,-1.4699999999999989,0.020000000000003126,0.06999999999999318,0.3199999999999932,-0.10000000000000142,-0.519999999999996,0.5699999999999932,0.0,0.0,0.6300000000000026,0.14000000000000057,0.9899999999999949,-0.7600000000000051,0.5500000000000114,0.37999999999999545,-0.6099999999999994,0.5399999999999991,0.5600000000000023,0.21000000000000796
2016-10-10,-1.0300000000000011,0.25,-1.25,0.8799999999999955,,-0.7700000000000102,-0.09000000000000341,0.21000000000000796,-0.14000000000000057,0.5199999999999818,1.1999999999999886,-0.3100000000000023,-0.22999999999999687,0.28999999999999204,0.29999999999999716,0.19000000000000483,-0.5,0.700000000000017,0.0,-0.13000000000000256,0.3400000000000034,0.03999999999999915,-1.1299999999999955,0.20000000000000284,-1.1100000000000136,0.1799999999999926,0.009999999999990905,0.03999999999999915,0.769999999999996,-0.8999999999999915
2016-10-11,-1.4000000000000057,0.6700000000000017,-1.1999999999999886,1.6299999999999955,,-0.7399999999999949,0.45999999999999375,0.46999999999999886,-0.1700000000000017,-0.8000000000000114,1.0,-1.9399999999999977,0.6399999999999935,-1.769999999999996,-0.18999999999999773,0.11999999999999744,-0.9699999999999989,0.5600000000000023,1.6000000000000014,-0.7000000000000028,0.13000000000000256,0.4299999999999997,0.28999999999999204,-0.480000000000004,-2.569999999999993,0.7800000000000011,0.6400000000000006,0.20000000000000284,0.5600000000000023,-0.3400000000000034
2016-10-12,0.009999999999990905,0.13000000000000256,0.5999999999999943,-0.0799999999999983,,0.5899999999999892,-0.2600000000000051,0.46999999999999886,-0.020000000000003126,-0.2600000000000193,-0.8400000000000034,0.6800000000000068,0.07000000000000028,-0.010000000000005116,0.13000000000000966,-0.14999999999999858,-1.1099999999999994,-0.12000000000000455,0.740000000000002,0.0,-0.4299999999999997,0.07000000000000028,0.1700000000000017,-1.4299999999999926,-0.12000000000000455,-0.12000000000000455,-0.4099999999999966,-0.3399999999999963,0.28000000000000114,0.09000000000000341
2016-10-13,-0.18999999999999773,-0.17999999999999972,-0.960000000000008,0.06999999999999318,,0.6999999999999886,0.04000000000000625,-0.1700000000000017,0.010000000000001563,-0.18000000000000682,0.04000000000000625,-0.020000000000010232,-0.11999999999999744,0.7199999999999989,-0.28000000000000114,0.10999999999999943,1.269999999999996,1.1500000000000057,-0.259999999999998,0.0,-0.0899999999999963,-0.18999999999999773,-0.18999999999999773,0.07000000000000739,-0.46000000000000796,1.4499999999999886,0.21999999999999886,0.060000000000002274,-1.0400000000000063,-0.21000000000000796
2016-10-14,-0.25,-0.8599999999999994,-1.0600000000000023,-0.1599999999999966,,0.4000000000000057,-0.8799999999999955,-0.46999999999999886,0.07000000000000028,1.079999999999984,-0.480000000000004,-0.020000000000010232,0.2600000000000051,-0.9399999999999977,-1.2800000000000011,-0.17999999999999972,-0.8100000000000023,-0.6599999999999966,-0.5799999999999983,0.30000000000000426,0.7600000000000051,-0.07000000000000028,-0.06999999999999318,-0.7600000000000051,0.8600000000000136,-0.2600000000000051,0.4099999999999966,-0.060000000000002274,0.030000000000001137,-0.6499999999999915
2016-10-17,-0.21999999999999886,0.37000000000000455,-0.5,0.0899999999999892,,-0.4200000000000017,-0.4900000000000091,0.519999999999996,0.04999999999999716,1.5,1.0400000000000063,-0.3200000000000216,-0.259999999999998,-0.9899999999999949,0.25,0.12999999999999545,1.5,0.3299999999999841,0.529999999999994,-0.14000000000000057,0.6199999999999974,0.0799999999999983,0.6000000000000085,0.01999999999999602,-0.06999999999999318,0.4200000000000017,-0.4299999999999926,-0.21999999999999886,-0.4300000000000068,-0.060000000000002274
2016-10-18,-0.710000000000008,0.44000000000000483,0.06999999999999318,0.8900000000000006,,-0.19999999999998863,-0.23000000000000398,0.23000000000000398,0.05000000000000071,-0.6200000000000045,0.4100000000000108,0.6999999999999886,0.21999999999999886,-1.9699999999999989,0.14999999999999147,-0.1599999999999966,1.6400000000000006,1.7300000000000182,-0.19000000000000483,-0.12999999999999545,0.0799999999999983,0.05000000000000426,0.7599999999999909,0.9599999999999937,4.189999999999998,0.5,-0.0799999999999983,-0.3399999999999963,-0.30000000000001137,-0.4000000000000057
2016-10-19,0.12999999999999545,-0.8299999999999983,0.7600000000000193,-0.6899999999999977,,0.20000000000000284,-0.269999999999996,-0.6600000000000108,0.0,1.1399999999999864,-0.12999999999999545,-0.010000000000019327,0.5600000000000023,0.9799999999999898,-0.539999999999992,0.11999999999999744,0.44999999999998863,0.8900000000000148,-0.2600000000000051,0.060000000000002274,-0.45999999999999375,0.14999999999999858,1.1099999999999994,-0.5700000000000074,0.5500000000000114,0.5,1.1599999999999966,0.07000000000000028,-0.3299999999999983,0.01999999999999602
2016-10-20,-0.20000000000000284,1.4399999999999977,-0.07999999999998408,-0.4300000000000068,,-0.23000000000000398,-0.28999999999999204,0.37000000000000455,0.0,0.5099999999999909,0.29999999999999716,-0.2400000000000091,-0.020000000000003126,-0.04000000000000625,0.18000000000000682,-0.03999999999999915,0.730000000000004,-0.29000000000002046,0.030000000000001137,-0.25,0.11999999999999744,-0.04999999999999716,0.44999999999998863,-3.3100000000000023,0.5799999999999841,0.45999999999999375,-0.5499999999999972,0.3999999999999986,0.25,-0.4199999999999875
2016-10-21,-0.21000000000000796,0.9099999999999966,-0.9099999999999966,-0.5999999999999943,,0.23999999999999488,0.960000000000008,1.7000000000000028,-0.5399999999999991,1.829999999999984,1.289999999999992,-0.950000000000017,-0.060000000000002274,-0.6700000000000017,0.6799999999999926,-0.28000000000000114,-0.6600000000000108,1.3899999999999864,0.3499999999999943,0.6200000000000045,0.030000000000001137,-0.240000000000002,0.0799999999999983,0.18000000000000682,1.1100000000000136,-0.29000000000000625,-0.3299999999999983,0.5899999999999963,0.0,0.20000000000000284
2016-10-24,-0.5500000000000114,-0.5999999999999943,1.039999999999992,-0.13000000000000966,,-0.9000000000000057,0.1599999999999966,-0.11999999999999034,-0.0799999999999983,-0.37999999999999545,0.5499999999999972,-0.1699999999999875,0.1700000000000017,0.3200000000000074,-0.09999999999999432,0.240000000000002,-0.6800000000000068,-1.3799999999999955,0.6499999999999986,-1.0600000000000023,-0.28999999999999915,0.1699999999999946,0.29000000000000625,0.030000000000001137,-1.3100000000000023,0.1799999999999926,-0.09999999999999432,0.5,0.0,0.1700000000000017
2016-10-25,0.29999999999999716,0.19000000000001194,1.490000000000009,1.3799999999999955,,-0.01999999999999602,-0.4299999999999926,0.39000000000000057,0.2900000000000027,-0.5100000000000193,-2.9299999999999926,0.18999999999999773,0.03999999999999915,-0.3199999999999932,0.0799999999999983,-0.10000000000000142,0.7800000000000011,3.240000000000009,-1.6799999999999997,0.14000000000000057,-0.0799999999999983,-0.259999999999998,0.519999999999996,0.3299999999999983,1.0999999999999943,0.25,0.12000000000000455,0.35999999999999943,0.3499999999999943,0.04999999999999716
2016-10-26,1.2800000000000011,-0.29999999999999716,7.109999999999985,-0.3199999999999932,,0.8700000000000045,0.45999999999999375,-1.0999999999999943,-0.28000000000000114,2.280000000000001,0.12000000000000455,1.0999999999999943,0.11999999999999744,0.9200000000000017,-0.7599999999999909,0.5600000000000023,0.1599999999999966,-0.8199999999999932,-0.8700000000000045,-0.17999999999999972,1.019999999999996,0.11999999999999744,-0.4900000000000091,-0.0899999999999892,1.5200000000000102,0.010000000000005116,-0.12999999999999545,0.10999999999999943,0.29000000000000625,0.8400000000000034
2016-10-27,-0.9099999999999966,-0.06999999999999318,-2.5200000000000102,-1.269999999999996,,-1.5900000000000034,-0.9399999999999977,0.21999999999999886,-0.26000000000000156,-0.4399999999999977,0.44999999999998863,0.5300000000000011,0.28999999999999915,0.7199999999999989,-0.2599999999999909,0.5100000000000051,0.09000000000000341,-1.1100000000000136,-0.14000000000000057,0.509999999999998,-0.45000000000000284,-0.10000000000000142,-0.9300000000000068,-1.2999999999999972,0.7800000000000011,-1.4100000000000108,-0.03999999999999204,-0.7999999999999972,0.23000000000000398,-0.35999999999999943
2016-10-28,0.15000000000000568,0.7000000000000028,0.710000000000008,-0.5600000000000023,,-2.6999999999999886,-0.7099999999999937,-0.04000000000000625,-0.33999999999999986,1.3700000000000045,-0.8799999999999955,-1.4399999999999977,0.12999999999999545,-0.4899999999999949,0.4200000000000017,0.030000000000001137,0.1600000000000108,0.7800000000000011,-2.1799999999999997,0.14000000000000057,0.09999999999999432,0.5900000000000034,0.030000000000001137,0.1699999999999875,1.3100000000000023,-1.3200000000000074,0.29999999999999716,-0.3500000000000014,0.18999999999999773,0.5
2016-10-31,0.10999999999999943,0.39000000000000057,0.6200000000000045,-0.730000000000004,,0.9300000000000068,0.8799999999999955,1.0300000000000011,-0.379999999999999,-0.5600000000000023,-1.3399999999999892,-0.9300000000000068,0.05000000000000426,-0.7099999999999937,0.1700000000000017,-0.28000000000000114,-0.10999999999999943,1.1599999999999966,0.37000000000000455,0.23999999999999488,0.7000000000000028,0.3299999999999983,0.21000000000000796,0.75,-0.5300000000000011,0.18999999999999773,-0.07000000000000739,0.14000000000000057,-0.04000000000000625,0.5600000000000023
2016-11-01,1.9699999999999989,0.519999999999996,0.539999999999992,1.230000000000004,,0.9699999999999989,0.5600000000000023,0.39000000000000057,0.120000000000001,-0.9399999999999977,1.7999999999999972,-0.710000000000008,0.37999999999999545,0.5799999999999983,0.5100000000000051,-0.28000000000000114,-0.4000000000000057,1.1500000000000057,-0.29999999999999716,0.1700000000000017,0.8800000000000026,-0.129999999999999,-0.269999999999996,2.3599999999999994,-2.079999999999984,-0.3999999999999915,-1.019999999999996,0.6600000000000037,0.6800000000000068,-0.15000000000000568
2016-11-02,-0.18999999999999773,0.3100000000000023,1.25,1.0400000000000063,,-0.2600000000000051,0.12999999999999545,0.0,0.370000000000001,0.4899999999999807,-0.35999999999999943,0.5300000000000011,0.0,-0.6599999999999966,-0.030000000000001137,0.05000000000000426,-0.29000000000000625,-1.0300000000000011,-0.21999999999999886,0.39000000000000057,-0.4799999999999969,-0.35999999999999943,-0.030000000000001137,0.6599999999999966,0.040000000000020464,0.30999999999998806,0.3100000000000023,0.8100000000000023,-0.25,0.15000000000000568
2016-11-03,-1.1500000000000057,0.20000000000000284,0.7399999999999807,0.37000000000000455,,0.14000000000000057,0.10999999999999943,0.0,0.3200000000000003,0.5600000000000023,-0.1599999999999966,0.13999999999998636,0.0,-0.15000000000000568,-0.480000000000004,0.18999999999999773,-1.019999999999996,0.6900000000000261,0.75,0.3200000000000003,-0.25,0.8099999999999987,0.20000000000000284,0.29999999999999716,1.3499999999999943,0.75,0.09999999999999432,0.10999999999999943,0.0,-0.020000000000010232
2016-11-04,-0.3100000000000023,-0.010000000000005116,-0.4299999999999784,-0.9699999999999989,,0.46999999999999886,0.0799999999999983,-1.0499999999999972,-0.22000000000000242,0.410000000000025,-0.36999999999999034,-0.030000000000001137,-0.0799999999999983,0.06999999999999318,0.7299999999999898,0.1600000000000037,0.9499999999999886,-0.7300000000000182,-0.13000000000000256,-0.060000000000002274,-0.1600000000000037,-0.08999999999999986,1.6099999999999994,1.3999999999999915,0.7399999999999807,-0.09000000000000341,0.29000000000000625,-0.10999999999999943,0.0,0.060000000000002274
2016-11-07,0.3299999999999983,0.15000000000000568,1.5300000000000011,0.010000000000005116,,-0.8499999999999943,-0.07000000000000739,-0.6600000000000108,0.4599999999999973,-2.4799999999999898,1.25,1.7299999999999898,0.44999999999999574,0.769999999999996,-0.7999999999999972,-0.4200000000000017,-0.8199999999999932,-1.5900000000000034,0.529999999999994,0.6400000000000006,0.4299999999999997,0.14999999999999858,-0.5400000000000063,0.8599999999999994,-2.3300000000000125,0.0799999999999983,-0.8700000000000045,0.07000000000000028,-0.1599999999999966,-0.960000000000008
2016-11-08,0.75,0.2799999999999869,0.28000000000000114,0.9100000000000108,,0.7200000000000131,-0.3999999999999915,-0.15000000000000568,0.05000000000000071,1.8099999999999739,0.29999999999999716,0.6099999999999852,0.14000000000000057,0.5699999999999932,0.3299999999999983,0.5100000000000051,1.0999999999999943,1.1299999999999955,0.6899999999999977,-0.0799999999999983,-0.020000000000003126,-0.129999999999999,0.6899999999999977,-2.5799999999999983,1.5500000000000114,0.14000000000000057,0.4899999999999949,0.0899999999999963,0.0800000000000125,0.5799999999999983
2016-11-09,1.0,1.5799999999999983,3.490000000000009,1.4200000000000017,,1.5999999999999943,0.0,-2.3499999999999943,0.3099999999999987,7.6299999999999955,5.069999999999993,1.8499999999999943,0.6199999999999974,0.3100000000000023,1.7900000000000063,0.5100000000000051,2.8900000000000006,4.549999999999983,0.22000000000000597,-0.1700000000000017,-1.0499999999999972,0.8900000000000006,0.6700000000000017,3.489999999999995,2.3600000000000136,3.719999999999999,1.4299999999999926,0.8500000000000014,1.7999999999999972,2.200000000000003
2016-11-10,-3.299999999999997,0.8700000000000045,1.1800000000000068,1.4099999999999966,,0.25,0.0,0.06999999999999318,0.5599999999999987,6.340000000000003,2.3100000000000023,2.5600000000000023,-0.45000000000000284,-1.2299999999999898,2.430000000000007,-0.9200000000000017,-0.519999999999996,4.1200000000000045,0.4199999999999875,-1.779999999999994,-0.8999999999999986,-0.1700000000000017,-2.5500000000000114,2.3200000000000074,3.789999999999992,3.030000000000001,-1.4299999999999926,-1.1700000000000017,0.14000000000000057,1.1400000000000006
2016-11-11,-1.3100000000000023,0.5300000000000011,1.4000000000000057,-0.37999999999999545,,-0.8400000000000034,-1.5200000000000102,0.5,0.22000000000000242,5.689999999999998,0.789999999999992,1.3000000000000114,-0.03999999999999915,1.019999999999996,0.39000000000000057,-0.0799999999999983,0.45000000000000284,1.0300000000000011,-0.12999999999999545,-0.7900000000000063,-0.5500000000000043,-0.6299999999999955,-0.9099999999999966,0.7999999999999972,-0.29000000000002046,0.9599999999999937,-0.28999999999999204,0.010000000000005116,0.12000000000000455,-0.8599999999999994
2016-11-14,-2.0,1.6200000000000045,1.7800000000000011,-0.9200000000000017,,-0.4399999999999977,0.5600000000000023,0.35999999999999943,-0.22999999999999687,5.030000000000001,-2.8299999999999983,-3.039999999999992,-0.0800000000000054,1.980000000000004,2.260000000000005,0.03999999999999915,-2.8700000000000045,-2.319999999999993,0.46999999999999886,-0.9000000000000057,-0.9699999999999989,0.46999999999999886,-0.5600000000000023,1.4100000000000108,-4.960000000000008,-1.5600000000000023,-3.6400000000000006,0.5300000000000011,-0.6700000000000017,0.01999999999999602
2016-11-15,-0.5400000000000063,0.3400000000000034,-0.3299999999999841,0.980000000000004,,1.4699999999999989,0.4899999999999949,-0.20000000000000284,-0.2699999999999996,4.6299999999999955,2.6699999999999875,-0.25,-0.269999999999996,0.0800000000000125,0.9899999999999949,0.259999999999998,0.7399999999999949,-1.0800000000000125,0.030000000000001137,-0.5399999999999991,0.3299999999999983,0.5300000000000011,0.9599999999999937,-0.13000000000000966,-1.2800000000000011,0.1699999999999875,-0.3399999999999892,-0.8599999999999994,-0.6299999999999955,-1.0499999999999972
2016-11-16,3.289999999999992,-0.269999999999996,0.8600000000000136,-0.4200000000000017,,0.14999999999999147,-0.5099999999999909,-0.7900000000000063,0.08999999999999986,-1.0900000000000034,-1.730000000000004,0.8299999999999841,-0.05999999999999517,0.29000000000000625,-0.8199999999999932,-0.14000000000000057,0.3499999999999943,-1.1200000000000045,1.0700000000000003,0.7100000000000009,-0.6799999999999997,0.240000000000002,0.7900000000000063,0.10000000000000853,0.4900000000000091,-0.3399999999999892,1.289999999999992,0.4399999999999977,-0.35999999999999943,-0.9899999999999949
2016-11-17,0.14000000000000057,-0.4200000000000017,1.5,0.7199999999999989,,-0.8799999999999955,-0.030000000000001137,0.3200000000000074,0.08999999999999986,-3.3700000000000045,3.0600000000000023,0.5800000000000125,-0.21000000000000085,0.11000000000001364,-0.0899999999999892,0.1600000000000037,0.5600000000000023,-0.7600000000000193,-0.19000000000000483,0.23000000000000398,0.6500000000000057,0.2799999999999976,0.20000000000000284,-0.21000000000000796,1.049999999999983,-0.3299999999999983,0.75,-0.10999999999999943,-0.10999999999999943,1.2099999999999937
2016-11-18,0.3400000000000034,-0.5300000000000011,-1.1699999999999875,0.6700000000000017,,-0.6300000000000097,0.1799999999999926,-0.8100000000000023,-0.0799999999999983,0.47999999999998977,-0.5999999999999943,0.589999999999975,0.05000000000000426,0.4300000000000068,-0.25,0.12000000000000455,0.7399999999999949,0.45000000000001705,-0.7000000000000028,-0.4299999999999997,-0.28999999999999915,0.46999999999999886,0.9200000000000017,0.5699999999999932,1.6000000000000227,0.1599999999999966,-0.3300000000000125,-0.21999999999999886,-0.39000000000000057,-0.07000000000000739
2016-11-21,1.6099999999999994,-0.23000000000000398,-0.18999999999999773,0.22999999999998977,,-0.1799999999999926,-0.8899999999999864,0.480000000000004,-0.17999999999999972,-0.37999999999999545,0.060000000000002274,2.0800000000000125,-0.12000000000000455,0.4399999999999977,-0.04999999999999716,-0.6199999999999974,-0.29999999999999716,0.10000000000002274,-0.35999999999999943,-0.35999999999999943,-0.28000000000000114,-0.05999999999999872,-0.5400000000000063,-0.1700000000000017,-0.6899999999999977,0.0,-0.45999999999999375,0.25,-0.7600000000000051,0.04999999999999716
2016-11-22,-0.15000000000000568,-0.09999999999999432,-1.6200000000000045,-0.21999999999999886,,0.1700000000000017,0.8499999999999943,-0.20999999999999375,0.25,0.25,-2.5999999999999943,-0.3300000000000125,-0.29999999999999716,1.8500000000000085,0.18999999999999773,-0.0800000000000054,-0.18999999999999773,0.2400000000000091,-0.7999999999999972,0.14000000000000057,0.240000000000002,-0.6000000000000014,-0.25,-0.46000000000000796,1.1799999999999784,0.0,-1.759999999999991,0.9299999999999997,0.39000000000000057,-0.009999999999990905
2016-11-23,0.12999999999999545,-0.9399999999999977,0.12999999999999545,1.3700000000000045,,-0.5999999999999943,-0.36000000000001364,0.5900000000000034,0.10000000000000142,-0.8100000000000023,-0.15000000000000568,-0.03999999999999204,-0.27999999999999403,-0.8199999999999932,-0.010000000000005116,0.10000000000000142,0.4099999999999966,0.1699999999999875,-1.3100000000000023,-0.6099999999999994,-0.36999999999999744,-0.240000000000002,-0.09000000000000341,0.3999999999999915,1.5300000000000011,-0.7399999999999949,0.4100000000000108,0.9299999999999997,0.6099999999999994,-0.37999999999999545
2016-11-25,-0.3200000000000074,-0.10999999999999943,0.03999999999999204,-0.14999999999999147,,0.45999999999999375,-0.3100000000000023,0.10999999999999943,-0.00999999999999801,0.01999999999998181,0.29000000000002046,1.3099999999999739,-0.3299999999999983,0.5300000000000011,0.269999999999996,-0.14000000000000057,0.5799999999999983,1.2800000000000011,0.39000000000000057,-0.23000000000000398,0.1599999999999966,0.08999999999999986,0.46999999999999886,-0.01999999999999602,-1.1200000000000045,0.15000000000000568,-0.14000000000000057,0.45000000000000284,0.12000000000000455,0.4100000000000108
2016-11-28,0.13999999999998636,0.4000000000000057,0.7700000000000102,0.6099999999999994,,-0.45000000000000284,0.0,0.45000000000000284,0.0799999999999983,0.3499999999999943,0.6100000000000136,1.3200000000000216,0.0799999999999983,-0.6600000000000108,-0.13999999999998636,0.240000000000002,1.4399999999999977,-1.0600000000000023,0.01999999999999602,0.269999999999996,0.4299999999999997,-0.15000000000000213,-0.060000000000002274,-0.46000000000000796,0.6299999999999955,-0.04999999999999716,-0.5799999999999983,0.6499999999999986,0.2599999999999909,-0.480000000000004
2016-11-29,0.6799999999999926,0.710000000000008,1.8099999999999739,-0.04000000000000625,,-0.2400000000000091,0.0,0.4399999999999977,0.23000000000000043,1.759999999999991,0.7299999999999898,-0.46999999999999886,-0.3299999999999983,0.46999999999999886,0.5300000000000011,-0.37000000000000455,0.30000000000001137,-0.2300000000000182,0.23999999999999488,0.44000000000000483,0.5700000000000003,-0.07000000000000028,0.5300000000000011,-0.20000000000000284,-0.6500000000000057,-0.1700000000000017,-0.030000000000001137,-0.07000000000000028,-0.009999999999990905,-0.480000000000004
2016-11-30,-1.0799999999999983,-0.04000000000000625,-1.0300000000000011,-0.18999999999999773,,-0.4899999999999949,2.030000000000001,-0.28000000000000114,0.41999999999999815,4.090000000000003,-0.060000000000002274,1.1299999999999955,0.5,0.8900000000000006,0.25,0.6499999999999986,-0.9500000000000028,-0.45999999999997954,-1.1200000000000045,-0.6000000000000014,0.45000000000000284,0.16000000000000014,0.060000000000002274,0.2600000000000051,0.8499999999999943,-1.3100000000000023,-2.1300000000000097,0.6499999999999986,0.4899999999999949,-0.29999999999999716
2016-12-01,0.8700000000000045,0.0799999999999983,-1.6499999999999773,-0.23999999999999488,,-0.5,-0.12999999999999545,0.18999999999999773,-0.75,5.699999999999989,0.12999999999999545,2.1299999999999955,1.1000000000000014,-0.01999999999999602,1.1400000000000006,0.14000000000000057,0.4899999999999949,-0.9900000000000091,0.5399999999999991,0.9099999999999966,-0.5399999999999991,-0.7899999999999991,0.3499999999999943,-1.1899999999999977,1.8199999999999932,0.519999999999996,2.1399999999999864,-0.07000000000000028,-0.4200000000000017,0.7400000000000091
2016-12-02,-0.730000000000004,-0.6599999999999966,-0.19999999999998863,-0.21999999999999886,,-0.20000000000000284,0.6000000000000085,0.29000000000000625,-0.019999999999999574,-2.6399999999999864,0.8300000000000125,-1.0200000000000102,-0.4399999999999977,0.23999999999999488,-0.20000000000000284,-0.060000000000002274,-0.23999999999999488,-0.09999999999999432,-0.0800000000000054,-0.1700000000000017,0.20000000000000284,-0.08999999999999986,-0.05000000000001137,0.7000000000000028,-0.27000000000001023,-0.1799999999999926,-0.3199999999999932,-0.18999999999999773,0.29999999999999716,0.14999999999999147
2016-12-05,-0.8900000000000006,0.29999999999999716,1.0800000000000125,1.4200000000000017,,0.14000000000000057,0.5900000000000034,-0.9799999999999898,0.3200000000000003,-3.030000000000001,-0.6399999999999864,-1.009999999999991,0.0799999999999983,-0.46000000000000796,-0.960000000000008,0.27999999999999403,-0.1599999999999966,1.009999999999991,-1.2700000000000031,0.519999999999996,1.0500000000000043,-0.14999999999999858,0.4299999999999926,-0.1799999999999926,2.5600000000000023,-1.2999999999999972,0.6800000000000068,-0.00999999999999801,-0.960000000000008,-0.09000000000000341
2016-12-06,-0.45000000000000284,0.1599999999999966,-1.4000000000000057,-1.1200000000000045,,-0.37000000000000455,-0.14000000000000057,0.7099999999999937,0.019999999999999574,1.1999999999999886,1.3899999999999864,-0.21999999999999886,0.3299999999999983,0.1799999999999926,0.09000000000000341,-0.17999999999999972,0.04000000000000625,0.01999999999998181,-0.10000000000000142,-0.4799999999999969,-0.259999999999998,0.08999999999999986,-0.3299999999999983,-0.4399999999999977,0.8499999999999943,-0.13000000000000966,-0.8299999999999983,0.21000000000000085,-0.3499999999999943,0.29000000000000625
2016-12-07,1.769999999999996,-1.8200000000000074,2.469999999999999,2.0799999999999983,,1.3999999999999915,1.2399999999999949,1.4799999999999898,-0.5899999999999999,5.159999999999997,-3.710000000000008,4.189999999999998,0.8299999999999983,0.7900000000000063,0.519999999999996,-0.75,-0.5100000000000051,-3.670000000000016,0.35999999999999943,-1.3599999999999994,-1.3100000000000023,0.13999999999999702,-1.440000000000012,1.509999999999991,-1.5100000000000193,2.180000000000007,-2.0400000000000063,0.6600000000000037,0.6699999999999875,0.4399999999999977
2016-12-08,1.2600000000000051,0.10999999999999943,0.789999999999992,-0.9900000000000091,,0.4399999999999977,0.6800000000000068,1.9099999999999966,-0.07000000000000028,4.569999999999993,0.3199999999999932,0.4900000000000091,0.22000000000000597,-0.44999999999998863,0.8900000000000006,-0.09000000000000341,0.4000000000000057,-0.20000000000001705,0.39000000000000057,-0.28999999999999915,-0.6000000000000014,-0.10000000000000142,-0.29000000000000625,0.0,-0.09000000000000341,-1.2399999999999949,-0.4000000000000057,-0.09999999999999432,-0.14000000000000057,0.269999999999996
2016-12-09,1.6400000000000006,-0.07000000000000739,0.8400000000000034,0.7000000000000028,,0.8200000000000074,-0.05000000000001137,1.3700000000000045,-0.33000000000000185,1.2399999999999807,0.8799999999999955,1.3400000000000034,0.00999999999999801,0.8500000000000085,0.46999999999999886,-0.5,0.6900000000000119,-3.1299999999999955,0.7399999999999949,-0.7899999999999991,0.03999999999999915,0.5899999999999999,-0.8500000000000085,0.0,-0.5999999999999943,-1.25,0.010000000000005116,-0.3999999999999986,0.18999999999999773,0.35999999999999943
2016-12-12,0.009999999999990905,1.1200000000000045,1.1599999999999966,0.9300000000000068,,-0.6199999999999903,-0.04999999999999716,-0.5499999999999972,0.18999999999999773,-3.3300000000000125,1.450000000000017,-1.2199999999999989,0.18999999999999773,2.6700000000000017,-0.6299999999999955,-0.10000000000000142,0.1700000000000017,1.3899999999999864,0.28000000000000114,0.3500000000000014,-0.03999999999999915,0.6999999999999993,0.9200000000000017,1.039999999999992,0.6599999999999966,0.9699999999999989,0.4899999999999949,0.21999999999999886,-1.6000000000000085,0.8400000000000034
2016-12-13,1.3499999999999943,-0.1700000000000017,-2.4399999999999977,-0.28000000000000114,,0.480000000000004,-0.5799999999999983,0.3500000000000085,-0.16000000000000014,0.44999999999998863,1.9899999999999807,-2.609999999999985,0.7899999999999991,0.35999999999999943,0.21999999999999886,-0.03999999999999915,0.9000000000000057,-0.7399999999999807,-0.00999999999999801,0.4799999999999969,0.46999999999999886,0.01999999999999602,0.5100000000000051,0.3500000000000085,0.13999999999998636,-0.5699999999999932,-0.39000000000000057,0.28000000000000114,0.12999999999999545,0.6899999999999977
2016-12-14,0.14999999999999147,0.539999999999992,1.759999999999991,-2.030000000000001,,0.75,1.0600000000000023,-0.4299999999999926,0.10999999999999943,-4.260000000000019,-0.0700000000000216,0.13999999999998636,-0.15000000000000568,-1.1300000000000097,-0.8500000000000085,-0.6799999999999997,-0.030000000000001137,2.5600000000000023,0.05000000000000426,-0.3200000000000003,-0.45000000000000284,-0.10000000000000142,-0.9200000000000017,-0.9699999999999989,-1.2799999999999727,1.0799999999999983,-0.15000000000000568,-0.8299999999999983,-0.5600000000000023,-1.6800000000000068
2016-12-15,0.4399999999999977,0.3999999999999915,0.1599999999999966,-0.730000000000004,,-1.4200000000000017,-1.0799999999999983,0.5400000000000063,0.22999999999999687,0.5099999999999909,0.6699999999999875,0.010000000000019327,-0.04999999999999716,-0.5600000000000023,0.5999999999999943,-0.44999999999999574,0.6099999999999994,1.2399999999999807,-0.36999999999999744,0.12000000000000455,0.7100000000000009,-0.11999999999999744,-0.5300000000000011,0.5300000000000011,-0.75,0.9100000000000108,-0.12999999999999545,-0.44000000000000483,0.14000000000000057,-0.7900000000000063
2016-12-16,-0.5,-0.29000000000000625,-0.6200000000000045,-1.769999999999996,,0.23999999999999488,-0.18000000000000682,-0.7999999999999972,-0.23000000000000043,-3.9000000000000057,1.0,-2.240000000000009,-0.4099999999999966,-0.5300000000000011,-1.3500000000000085,0.13000000000000256,-0.3499999999999943,-0.8899999999999864,-0.21999999999999886,0.6500000000000057,0.6799999999999997,-0.03999999999999915,-0.21999999999999886,-0.5599999999999881,2.5600000000000023,-0.10999999999999943,-0.8700000000000045,0.21000000000000085,0.0899999999999892,-0.3399999999999892
2016-12-19,-0.8400000000000034,0.13000000000000966,1.0200000000000102,-0.7799999999999869,,-0.7199999999999989,-0.07000000000000739,0.4000000000000057,0.16000000000000014,-0.7299999999999898,-0.37999999999999545,0.15000000000000568,-0.5499999999999972,0.04999999999999716,-0.6300000000000097,-0.01999999999999602,-0.2400000000000091,0.549999999999983,0.6599999999999966,-1.0599999999999952,0.05999999999999517,-0.07000000000000028,0.04000000000000625,0.14000000000000057,-1.5500000000000114,1.25,-0.05999999999998806,0.4299999999999997,-0.7399999999999949,0.9599999999999937
2016-12-20,0.21000000000000796,-0.060000000000002274,-0.5700000000000216,0.7000000000000028,,-0.10000000000000853,0.1600000000000108,0.18000000000000682,0.3299999999999983,2.569999999999993,1.460000000000008,-0.10999999999998522,0.259999999999998,0.3200000000000074,0.7399999999999949,0.04000000000000625,-0.14999999999999147,0.3100000000000023,0.6899999999999977,-0.14999999999999858,-0.7299999999999969,0.07000000000000028,0.0,0.28999999999999204,0.12000000000000455,-0.28000000000000114,-0.04999999999999716,0.18999999999999773,0.0899999999999892,0.0799999999999983
2016-12-21,0.2600000000000051,0.20999999999999375,-0.789999999999992,-0.44000000000001194,,-0.4300000000000068,0.19999999999998863,-0.9500000000000028,-0.07000000000000028,-0.8000000000000114,-0.09999999999999432,1.0800000000000125,-0.2700000000000031,0.8900000000000006,0.3199999999999932,0.030000000000001137,0.030000000000001137,-0.1699999999999875,1.1600000000000037,-0.10999999999999943,-0.6000000000000014,-0.3299999999999983,0.0,0.6299999999999955,0.08999999999997499,0.45000000000000284,0.3400000000000034,-0.12000000000000455,-0.4200000000000017,0.4000000000000057
2016-12-22,-0.05999999999998806,-0.4200000000000017,-1.039999999999992,-0.3400000000000034,,-0.8299999999999983,-0.07000000000000739,0.46000000000000796,0.08999999999999986,1.1099999999999852,0.8199999999999932,-0.30000000000001137,0.29999999999999716,-0.4399999999999977,0.45000000000000284,0.020000000000003126,0.5999999999999943,-0.3100000000000023,0.03999999999999915,-0.29000000000000625,0.6599999999999966,-0.05000000000000426,0.46999999999999886,-0.12999999999999545,-0.19000000000002615,0.12000000000000455,0.11999999999999034,-0.7999999999999972,1.6499999999999915,-0.8500000000000085
2016-12-23,-0.9299999999999926,-0.23000000000000398,0.46000000000000796,0.5299999999999869,,0.010000000000005116,0.12999999999999545,-0.0899999999999892,-0.00999999999999801,-1.4300000000000068,0.5999999999999943,0.28999999999999204,-0.03999999999999915,0.5599999999999881,0.04999999999999716,0.01999999999999602,-0.23000000000000398,-0.3400000000000034,0.21000000000000085,0.21000000000000085,0.0800000000000054,0.07000000000000028,0.2799999999999869,0.009999999999990905,1.4699999999999989,-0.30000000000001137,-0.07000000000000739,0.030000000000001137,-0.10999999999999943,-0.18000000000000682
2016-12-27,0.7400000000000091,-0.11999999999999034,0.9300000000000068,0.20999999999999375,,-0.28000000000000114,0.15000000000000568,-0.3200000000000074,0.00999999999999801,-0.38999999999998636,-0.5,-0.1599999999999966,0.1600000000000037,0.01999999999999602,0.0799999999999983,-0.04999999999999716,0.23000000000000398,-0.2599999999999909,0.0799999999999983,-0.07000000000000028,0.509999999999998,-0.03999999999999915,-0.30000000000001137,0.28999999999999204,-0.6200000000000045,-0.060000000000002274,0.0799999999999983,-0.04999999999999716,0.4000000000000057,0.0799999999999983
2016-12-28,-0.7599999999999909,0.6599999999999966,1.0200000000000102,-1.4499999999999886,,0.4000000000000057,0.8700000000000045,-0.6899999999999977,-0.14000000000000057,3.039999999999992,-0.5,-1.0999999999999943,-0.46999999999999886,-0.7800000000000011,-0.6599999999999966,-0.10000000000000142,0.25,-0.799999999999983,0.44999999999999574,-0.4099999999999966,0.28999999999999915,0.14999999999999858,0.3300000000000125,0.3200000000000074,0.7199999999999989,0.8100000000000023,-0.10000000000000853,0.19000000000000483,-0.6299999999999955,0.38000000000000966
2016-12-29,-0.28000000000000114,0.3499999999999943,0.3100000000000023,-0.010000000000005116,,0.19000000000001194,0.4099999999999966,-0.3299999999999983,0.029999999999997584,2.569999999999993,-0.07999999999998408,-0.5799999999999841,-0.14999999999999858,-0.2599999999999909,0.6899999999999977,-0.21999999999999886,-0.030000000000001137,-0.12000000000000455,0.25,-0.03999999999999915,-0.060000000000002274,-0.10000000000000142,-0.10999999999999943,-0.22000000000001307,0.8799999999999955,-0.269999999999996,0.1599999999999966,-0.14999999999999858,-0.05000000000001137,-0.25
2016-12-30,-0.8300000000000125,-0.12000000000000455,0.8100000000000023,-0.30000000000001137,,-0.2600000000000051,0.5099999999999909,-0.3499999999999943,0.029999999999997584,-0.9399999999999977,-1.5599999999999739,-0.44999999999998863,-0.519999999999996,-0.5900000000000034,-0.19000000000001194,-0.22999999999999687,-1.0700000000000074,-0.4300000000000068,-0.0899999999999963,-0.8200000000000003,-0.2700000000000031,0.13999999999999346,-0.09000000000000341,-0.37000000000000455,1.3300000000000125,-0.9699999999999989,0.4100000000000108,-0.1699999999999946,0.0,0.23000000000000398
